Context_ID,Group,Retailer,Store,Product_Number,Product_Name,Observed_Price,Lowest_Peer_Price,Typical_Peer_Price,Highest_Peer_Price,Price_Above_Typical_Pct,Context_Price_Spread_Pct,Comparison_Group_Count,Evidence_Score,Evidence_Level,Final_Signal
Safeway_Safeway-DC1_2025-09-04_12:00 EST_1,1-A,Safeway,Safeway-DC1,1,Honeycrisp apples (1 apple),2.16,2.16,2.44,2.44,-11.475409836065564,12.962962962962955,5,0.0,Within observed peer range,Low signal
Safeway_Safeway-DC1_2025-09-04_12:00 EST_1,1-B,Safeway,Safeway-DC1,1,Honeycrisp apples (1 apple),2.34,2.16,2.44,2.44,-4.098360655737709,12.962962962962955,5,0.0,Within observed peer range,Low signal
Safeway_Safeway-DC1_2025-09-04_12:00 EST_1,1-C,Safeway,Safeway-DC1,1,Honeycrisp apples (1 apple),2.44,2.16,2.44,2.44,0.0,12.962962962962955,5,0.0,Within observed peer range,Low signal
Safeway_Safeway-DC1_2025-09-04_12:00 EST_1,1-D,Safeway,Safeway-DC1,1,Honeycrisp apples (1 apple),2.44,2.16,2.44,2.44,0.0,12.962962962962955,5,0.0,Within observed peer range,Low signal
Safeway_Safeway-DC1_2025-09-04_12:00 EST_1,1-E,Safeway,Safeway-DC1,1,Honeycrisp apples (1 apple),2.44,2.16,2.44,2.44,0.0,12.962962962962955,5,0.0,Within observed peer range,Low signal
Safeway_Safeway-DC1_2025-09-04_12:00 EST_10,1-A,Safeway,Safeway-DC1,10,"Lucerne Eggs, Large, 12 ct.",6.47,6.47,6.99,6.99,-7.439198855507878,8.037094281298307,5,0.0,Within observed peer range,Low signal
Safeway_Safeway-DC1_2025-09-04_12:00 EST_10,1-B,Safeway,Safeway-DC1,10,"Lucerne Eggs, Large, 12 ct.",6.99,6.47,6.99,6.99,0.0,8.037094281298307,5,0.0,Within observed peer range,Low signal
Safeway_Safeway-DC1_2025-09-04_12:00 EST_10,1-C,Safeway,Safeway-DC1,10,"Lucerne Eggs, Large, 12 ct.",6.99,6.47,6.99,6.99,0.0,8.037094281298307,5,0.0,Within observed peer range,Low signal
Safeway_Safeway-DC1_2025-09-04_12:00 EST_10,1-D,Safeway,Safeway-DC1,10,"Lucerne Eggs, Large, 12 ct.",6.99,6.47,6.99,6.99,0.0,8.037094281298307,5,0.0,Within observed peer range,Low signal
Safeway_Safeway-DC1_2025-09-04_12:00 EST_10,1-E,Safeway,Safeway-DC1,10,"Lucerne Eggs, Large, 12 ct.",6.47,6.47,6.99,6.99,-7.439198855507878,8.037094281298307,5,0.0,Within observed peer range,Low signal
Safeway_Safeway-DC1_2025-09-04_12:00 EST_11,1-A,Safeway,Safeway-DC1,11,"KIND Dark Chocolate Nuts & Sea Salt, 6 bars",10.25,10.25,10.99,11.59,-6.733393994540493,13.073170731707314,5,0.0,Within observed peer range,Low signal
Safeway_Safeway-DC1_2025-09-04_12:00 EST_11,1-B,Safeway,Safeway-DC1,11,"KIND Dark Chocolate Nuts & Sea Salt, 6 bars",10.99,10.25,10.99,11.59,0.0,13.073170731707314,5,0.0,Within observed peer range,Low signal
Safeway_Safeway-DC1_2025-09-04_12:00 EST_11,1-C,Safeway,Safeway-DC1,11,"KIND Dark Chocolate Nuts & Sea Salt, 6 bars",10.99,10.25,10.99,11.59,0.0,13.073170731707314,5,0.0,Within observed peer range,Low signal
Safeway_Safeway-DC1_2025-09-04_12:00 EST_11,1-D,Safeway,Safeway-DC1,11,"KIND Dark Chocolate Nuts & Sea Salt, 6 bars",10.99,10.25,10.99,11.59,0.0,13.073170731707314,5,0.0,Within observed peer range,Low signal
Safeway_Safeway-DC1_2025-09-04_12:00 EST_11,1-E,Safeway,Safeway-DC1,11,"KIND Dark Chocolate Nuts & Sea Salt, 6 bars",11.59,10.25,10.99,11.59,5.459508644222022,13.073170731707314,5,21.838034576888088,Noticeably above peers,Moderate signal
Safeway_Safeway-DC1_2025-09-04_12:00 EST_12,1-A,Safeway,Safeway-DC1,12,"Heinz Tomato Ketchup, 20 oz.",5.99,5.99,5.99,5.99,0.0,0.0,5,0.0,Within observed peer range,Low signal
Safeway_Safeway-DC1_2025-09-04_12:00 EST_12,1-B,Safeway,Safeway-DC1,12,"Heinz Tomato Ketchup, 20 oz.",5.99,5.99,5.99,5.99,0.0,0.0,5,0.0,Within observed peer range,Low signal
Safeway_Safeway-DC1_2025-09-04_12:00 EST_12,1-C,Safeway,Safeway-DC1,12,"Heinz Tomato Ketchup, 20 oz.",5.99,5.99,5.99,5.99,0.0,0.0,5,0.0,Within observed peer range,Low signal
Safeway_Safeway-DC1_2025-09-04_12:00 EST_12,1-D,Safeway,Safeway-DC1,12,"Heinz Tomato Ketchup, 20 oz.",5.99,5.99,5.99,5.99,0.0,0.0,5,0.0,Within observed peer range,Low signal
Safeway_Safeway-DC1_2025-09-04_12:00 EST_12,1-E,Safeway,Safeway-DC1,12,"Heinz Tomato Ketchup, 20 oz.",5.99,5.99,5.99,5.99,0.0,0.0,5,0.0,Within observed peer range,Low signal
Safeway_Safeway-DC1_2025-09-04_12:00 EST_13,1-A,Safeway,Safeway-DC1,13,"Quaker 1-Minute Oats, 42 oz.",8.99,8.99,8.99,9.79,0.0,8.898776418242479,5,0.0,Within observed peer range,Low signal
Safeway_Safeway-DC1_2025-09-04_12:00 EST_13,1-B,Safeway,Safeway-DC1,13,"Quaker 1-Minute Oats, 42 oz.",8.99,8.99,8.99,9.79,0.0,8.898776418242479,5,0.0,Within observed peer range,Low signal
Safeway_Safeway-DC1_2025-09-04_12:00 EST_13,1-C,Safeway,Safeway-DC1,13,"Quaker 1-Minute Oats, 42 oz.",8.99,8.99,8.99,9.79,0.0,8.898776418242479,5,0.0,Within observed peer range,Low signal
Safeway_Safeway-DC1_2025-09-04_12:00 EST_13,1-D,Safeway,Safeway-DC1,13,"Quaker 1-Minute Oats, 42 oz.",8.99,8.99,8.99,9.79,0.0,8.898776418242479,5,0.0,Within observed peer range,Low signal
Safeway_Safeway-DC1_2025-09-04_12:00 EST_13,1-E,Safeway,Safeway-DC1,13,"Quaker 1-Minute Oats, 42 oz.",9.79,8.99,8.99,9.79,8.898776418242482,8.898776418242479,5,35.59510567296993,Noticeably above peers,Moderate signal
Safeway_Safeway-DC1_2025-09-04_12:00 EST_14,1-A,Safeway,Safeway-DC1,14,"Signature Select Quick One Minute Oatmeal, 42 oz.",6.47,6.47,6.99,6.99,-7.439198855507878,8.037094281298307,5,0.0,Within observed peer range,Low signal
Safeway_Safeway-DC1_2025-09-04_12:00 EST_14,1-B,Safeway,Safeway-DC1,14,"Signature Select Quick One Minute Oatmeal, 42 oz.",6.99,6.47,6.99,6.99,0.0,8.037094281298307,5,0.0,Within observed peer range,Low signal
Safeway_Safeway-DC1_2025-09-04_12:00 EST_14,1-C,Safeway,Safeway-DC1,14,"Signature Select Quick One Minute Oatmeal, 42 oz.",6.99,6.47,6.99,6.99,0.0,8.037094281298307,5,0.0,Within observed peer range,Low signal
Safeway_Safeway-DC1_2025-09-04_12:00 EST_14,1-D,Safeway,Safeway-DC1,14,"Signature Select Quick One Minute Oatmeal, 42 oz.",6.99,6.47,6.99,6.99,0.0,8.037094281298307,5,0.0,Within observed peer range,Low signal
Safeway_Safeway-DC1_2025-09-04_12:00 EST_14,1-E,Safeway,Safeway-DC1,14,"Signature Select Quick One Minute Oatmeal, 42 oz.",6.99,6.47,6.99,6.99,0.0,8.037094281298307,5,0.0,Within observed peer range,Low signal
Safeway_Safeway-DC1_2025-09-04_12:00 EST_15,1-A,Safeway,Safeway-DC1,15,"Barilla Farfalle, Pasta Made with Durum Wheat, 16 oz.",2.99,2.99,2.99,2.99,0.0,0.0,5,0.0,Within observed peer range,Low signal
Safeway_Safeway-DC1_2025-09-04_12:00 EST_15,1-B,Safeway,Safeway-DC1,15,"Barilla Farfalle, Pasta Made with Durum Wheat, 16 oz.",2.99,2.99,2.99,2.99,0.0,0.0,5,0.0,Within observed peer range,Low signal
Safeway_Safeway-DC1_2025-09-04_12:00 EST_15,1-C,Safeway,Safeway-DC1,15,"Barilla Farfalle, Pasta Made with Durum Wheat, 16 oz.",2.99,2.99,2.99,2.99,0.0,0.0,5,0.0,Within observed peer range,Low signal
Safeway_Safeway-DC1_2025-09-04_12:00 EST_15,1-D,Safeway,Safeway-DC1,15,"Barilla Farfalle, Pasta Made with Durum Wheat, 16 oz.",2.99,2.99,2.99,2.99,0.0,0.0,5,0.0,Within observed peer range,Low signal
Safeway_Safeway-DC1_2025-09-04_12:00 EST_15,1-E,Safeway,Safeway-DC1,15,"Barilla Farfalle, Pasta Made with Durum Wheat, 16 oz.",2.99,2.99,2.99,2.99,0.0,0.0,5,0.0,Within observed peer range,Low signal
Safeway_Safeway-DC1_2025-09-04_12:00 EST_16,1-A,Safeway,Safeway-DC1,16,"Signature Select Farfalle, 12 oz.",1.35,1.35,1.49,1.49,-9.395973154362414,10.370370370370363,5,0.0,Within observed peer range,Low signal
Safeway_Safeway-DC1_2025-09-04_12:00 EST_16,1-B,Safeway,Safeway-DC1,16,"Signature Select Farfalle, 12 oz.",1.49,1.35,1.49,1.49,0.0,10.370370370370363,5,0.0,Within observed peer range,Low signal
Safeway_Safeway-DC1_2025-09-04_12:00 EST_16,1-C,Safeway,Safeway-DC1,16,"Signature Select Farfalle, 12 oz.",1.49,1.35,1.49,1.49,0.0,10.370370370370363,5,0.0,Within observed peer range,Low signal
Safeway_Safeway-DC1_2025-09-04_12:00 EST_16,1-D,Safeway,Safeway-DC1,16,"Signature Select Farfalle, 12 oz.",1.49,1.35,1.49,1.49,0.0,10.370370370370363,5,0.0,Within observed peer range,Low signal
Safeway_Safeway-DC1_2025-09-04_12:00 EST_16,1-E,Safeway,Safeway-DC1,16,"Signature Select Farfalle, 12 oz.",1.49,1.35,1.49,1.49,0.0,10.370370370370363,5,0.0,Within observed peer range,Low signal
Safeway_Safeway-DC1_2025-09-04_12:00 EST_17,1-A,Safeway,Safeway-DC1,17,"Skippy Creamy Peanut Butter, 16 oz.",3.23,2.99,3.23,3.69,0.0,23.411371237458184,5,0.0,Within observed peer range,Low signal
Safeway_Safeway-DC1_2025-09-04_12:00 EST_17,1-B,Safeway,Safeway-DC1,17,"Skippy Creamy Peanut Butter, 16 oz.",2.99,2.99,3.23,3.69,-7.430340557275539,23.411371237458184,5,0.0,Within observed peer range,Low signal
Safeway_Safeway-DC1_2025-09-04_12:00 EST_17,1-C,Safeway,Safeway-DC1,17,"Skippy Creamy Peanut Butter, 16 oz.",2.99,2.99,3.23,3.69,-7.430340557275539,23.411371237458184,5,0.0,Within observed peer range,Low signal
Safeway_Safeway-DC1_2025-09-04_12:00 EST_17,1-D,Safeway,Safeway-DC1,17,"Skippy Creamy Peanut Butter, 16 oz.",3.49,2.99,3.23,3.69,8.049535603715174,23.411371237458184,5,32.1981424148607,Noticeably above peers,Moderate signal
Safeway_Safeway-DC1_2025-09-04_12:00 EST_17,1-E,Safeway,Safeway-DC1,17,"Skippy Creamy Peanut Butter, 16 oz.",3.69,2.99,3.23,3.69,14.241486068111463,23.411371237458184,5,56.96594427244585,Substantially above peers,High signal
Safeway_Safeway-DC1_2025-09-04_12:00 EST_18,1-A,Safeway,Safeway-DC1,18,"Mission Super Soft Taco Flour Tortillas, 10 ct.",2.99,2.99,2.99,2.99,0.0,0.0,5,0.0,Within observed peer range,Low signal
Safeway_Safeway-DC1_2025-09-04_12:00 EST_18,1-B,Safeway,Safeway-DC1,18,"Mission Super Soft Taco Flour Tortillas, 10 ct.",2.99,2.99,2.99,2.99,0.0,0.0,5,0.0,Within observed peer range,Low signal
Safeway_Safeway-DC1_2025-09-04_12:00 EST_18,1-C,Safeway,Safeway-DC1,18,"Mission Super Soft Taco Flour Tortillas, 10 ct.",2.99,2.99,2.99,2.99,0.0,0.0,5,0.0,Within observed peer range,Low signal
Safeway_Safeway-DC1_2025-09-04_12:00 EST_18,1-D,Safeway,Safeway-DC1,18,"Mission Super Soft Taco Flour Tortillas, 10 ct.",2.99,2.99,2.99,2.99,0.0,0.0,5,0.0,Within observed peer range,Low signal
Safeway_Safeway-DC1_2025-09-04_12:00 EST_18,1-E,Safeway,Safeway-DC1,18,"Mission Super Soft Taco Flour Tortillas, 10 ct.",2.99,2.99,2.99,2.99,0.0,0.0,5,0.0,Within observed peer range,Low signal
Safeway_Safeway-DC1_2025-09-04_12:00 EST_19,1-A,Safeway,Safeway-DC1,19,"Oscar Mayer Deli Fresh Honey Smoked Turkey Breast Sliced Sandwich Lunch Meat, 9 oz.",4.31,4.31,4.69,4.89,-8.102345415778267,13.457076566125291,5,0.0,Within observed peer range,Low signal
Safeway_Safeway-DC1_2025-09-04_12:00 EST_19,1-B,Safeway,Safeway-DC1,19,"Oscar Mayer Deli Fresh Honey Smoked Turkey Breast Sliced Sandwich Lunch Meat, 9 oz.",4.69,4.31,4.69,4.89,0.0,13.457076566125291,5,0.0,Within observed peer range,Low signal
Safeway_Safeway-DC1_2025-09-04_12:00 EST_19,1-C,Safeway,Safeway-DC1,19,"Oscar Mayer Deli Fresh Honey Smoked Turkey Breast Sliced Sandwich Lunch Meat, 9 oz.",4.69,4.31,4.69,4.89,0.0,13.457076566125291,5,0.0,Within observed peer range,Low signal
Safeway_Safeway-DC1_2025-09-04_12:00 EST_19,1-D,Safeway,Safeway-DC1,19,"Oscar Mayer Deli Fresh Honey Smoked Turkey Breast Sliced Sandwich Lunch Meat, 9 oz.",4.59,4.31,4.69,4.89,-2.1321961620469176,13.457076566125291,5,0.0,Within observed peer range,Low signal
Safeway_Safeway-DC1_2025-09-04_12:00 EST_19,1-E,Safeway,Safeway-DC1,19,"Oscar Mayer Deli Fresh Honey Smoked Turkey Breast Sliced Sandwich Lunch Meat, 9 oz.",4.89,4.31,4.69,4.89,4.264392324093791,13.457076566125291,5,17.057569296375164,Slightly above peers,Low signal
Safeway_Safeway-DC1_2025-09-04_12:00 EST_2,1-A,Safeway,Safeway-DC1,2,"Signature Farms Carrots, Baby-Cut, Peeled, 16 oz.",1.61,1.61,1.79,1.79,-10.05586592178771,11.18012422360248,5,0.0,Within observed peer range,Low signal
Safeway_Safeway-DC1_2025-09-04_12:00 EST_2,1-B,Safeway,Safeway-DC1,2,"Signature Farms Carrots, Baby-Cut, Peeled, 16 oz.",1.79,1.61,1.79,1.79,0.0,11.18012422360248,5,0.0,Within observed peer range,Low signal
Safeway_Safeway-DC1_2025-09-04_12:00 EST_2,1-C,Safeway,Safeway-DC1,2,"Signature Farms Carrots, Baby-Cut, Peeled, 16 oz.",1.79,1.61,1.79,1.79,0.0,11.18012422360248,5,0.0,Within observed peer range,Low signal
Safeway_Safeway-DC1_2025-09-04_12:00 EST_2,1-D,Safeway,Safeway-DC1,2,"Signature Farms Carrots, Baby-Cut, Peeled, 16 oz.",1.69,1.61,1.79,1.79,-5.586592178770955,11.18012422360248,5,0.0,Within observed peer range,Low signal
Safeway_Safeway-DC1_2025-09-04_12:00 EST_2,1-E,Safeway,Safeway-DC1,2,"Signature Farms Carrots, Baby-Cut, Peeled, 16 oz.",1.79,1.61,1.79,1.79,0.0,11.18012422360248,5,0.0,Within observed peer range,Low signal
Safeway_Safeway-DC1_2025-09-04_12:00 EST_20,1-A,Safeway,Safeway-DC1,20,"CLIF BAR Chocolate Chip Energy Bars, 10 Energy Bars, 10 x 2.4 oz.",19.43,19.43,21.99,21.99,-11.641655297862663,13.175501801338129,5,0.0,Within observed peer range,Low signal
Safeway_Safeway-DC1_2025-09-04_12:00 EST_20,1-B,Safeway,Safeway-DC1,20,"CLIF BAR Chocolate Chip Energy Bars, 10 Energy Bars, 10 x 2.4 oz.",19.99,19.43,21.99,21.99,-9.09504320145521,13.175501801338129,5,0.0,Within observed peer range,Low signal
Safeway_Safeway-DC1_2025-09-04_12:00 EST_20,1-C,Safeway,Safeway-DC1,20,"CLIF BAR Chocolate Chip Energy Bars, 10 Energy Bars, 10 x 2.4 oz.",21.99,19.43,21.99,21.99,0.0,13.175501801338129,5,0.0,Within observed peer range,Low signal
Safeway_Safeway-DC1_2025-09-04_12:00 EST_20,1-D,Safeway,Safeway-DC1,20,"CLIF BAR Chocolate Chip Energy Bars, 10 Energy Bars, 10 x 2.4 oz.",21.99,19.43,21.99,21.99,0.0,13.175501801338129,5,0.0,Within observed peer range,Low signal
Safeway_Safeway-DC1_2025-09-04_12:00 EST_20,1-E,Safeway,Safeway-DC1,20,"CLIF BAR Chocolate Chip Energy Bars, 10 Energy Bars, 10 x 2.4 oz.",21.99,19.43,21.99,21.99,0.0,13.175501801338129,5,0.0,Within observed peer range,Low signal
Safeway_Safeway-DC1_2025-09-04_12:00 EST_3,1-A,Safeway,Safeway-DC1,3,"Cheerios, 8.9 oz.",7.34,7.34,7.99,7.99,-8.135168961201511,8.855585831062674,5,0.0,Within observed peer range,Low signal
Safeway_Safeway-DC1_2025-09-04_12:00 EST_3,1-B,Safeway,Safeway-DC1,3,"Cheerios, 8.9 oz.",7.99,7.34,7.99,7.99,0.0,8.855585831062674,5,0.0,Within observed peer range,Low signal
Safeway_Safeway-DC1_2025-09-04_12:00 EST_3,1-C,Safeway,Safeway-DC1,3,"Cheerios, 8.9 oz.",7.99,7.34,7.99,7.99,0.0,8.855585831062674,5,0.0,Within observed peer range,Low signal
Safeway_Safeway-DC1_2025-09-04_12:00 EST_3,1-D,Safeway,Safeway-DC1,3,"Cheerios, 8.9 oz.",7.99,7.34,7.99,7.99,0.0,8.855585831062674,5,0.0,Within observed peer range,Low signal
Safeway_Safeway-DC1_2025-09-04_12:00 EST_3,1-E,Safeway,Safeway-DC1,3,"Cheerios, 8.9 oz.",7.99,7.34,7.99,7.99,0.0,8.855585831062674,5,0.0,Within observed peer range,Low signal
Safeway_Safeway-DC1_2025-09-04_12:00 EST_4,1-A,Safeway,Safeway-DC1,4,"Kellogg's Corn Flakes, 18 oz.",7.01,7.01,7.99,7.99,-12.265331664580737,13.980028530670477,5,0.0,Within observed peer range,Low signal
Safeway_Safeway-DC1_2025-09-04_12:00 EST_4,1-B,Safeway,Safeway-DC1,4,"Kellogg's Corn Flakes, 18 oz.",7.99,7.01,7.99,7.99,0.0,13.980028530670477,5,0.0,Within observed peer range,Low signal
Safeway_Safeway-DC1_2025-09-04_12:00 EST_4,1-C,Safeway,Safeway-DC1,4,"Kellogg's Corn Flakes, 18 oz.",7.99,7.01,7.99,7.99,0.0,13.980028530670477,5,0.0,Within observed peer range,Low signal
Safeway_Safeway-DC1_2025-09-04_12:00 EST_4,1-D,Safeway,Safeway-DC1,4,"Kellogg's Corn Flakes, 18 oz.",7.99,7.01,7.99,7.99,0.0,13.980028530670477,5,0.0,Within observed peer range,Low signal
Safeway_Safeway-DC1_2025-09-04_12:00 EST_4,1-E,Safeway,Safeway-DC1,4,"Kellogg's Corn Flakes, 18 oz.",7.99,7.01,7.99,7.99,0.0,13.980028530670477,5,0.0,Within observed peer range,Low signal
Safeway_Safeway-DC1_2025-09-04_12:00 EST_5,1-A,Safeway,Safeway-DC1,5,"Signature Select Corn Flakes, 18 oz.",4.99,4.99,4.99,4.99,0.0,0.0,5,0.0,Within observed peer range,Low signal
Safeway_Safeway-DC1_2025-09-04_12:00 EST_5,1-B,Safeway,Safeway-DC1,5,"Signature Select Corn Flakes, 18 oz.",4.99,4.99,4.99,4.99,0.0,0.0,5,0.0,Within observed peer range,Low signal
Safeway_Safeway-DC1_2025-09-04_12:00 EST_5,1-C,Safeway,Safeway-DC1,5,"Signature Select Corn Flakes, 18 oz.",4.99,4.99,4.99,4.99,0.0,0.0,5,0.0,Within observed peer range,Low signal
Safeway_Safeway-DC1_2025-09-04_12:00 EST_5,1-D,Safeway,Safeway-DC1,5,"Signature Select Corn Flakes, 18 oz.",4.99,4.99,4.99,4.99,0.0,0.0,5,0.0,Within observed peer range,Low signal
Safeway_Safeway-DC1_2025-09-04_12:00 EST_5,1-E,Safeway,Safeway-DC1,5,"Signature Select Corn Flakes, 18 oz.",4.99,4.99,4.99,4.99,0.0,0.0,5,0.0,Within observed peer range,Low signal
Safeway_Safeway-DC1_2025-09-04_12:00 EST_6,1-A,Safeway,Safeway-DC1,6,"Ruffles Original Potato Chips, Party Size, 13 oz.",6.47,6.47,6.99,6.99,-7.439198855507878,8.037094281298307,5,0.0,Within observed peer range,Low signal
Safeway_Safeway-DC1_2025-09-04_12:00 EST_6,1-B,Safeway,Safeway-DC1,6,"Ruffles Original Potato Chips, Party Size, 13 oz.",6.99,6.47,6.99,6.99,0.0,8.037094281298307,5,0.0,Within observed peer range,Low signal
Safeway_Safeway-DC1_2025-09-04_12:00 EST_6,1-C,Safeway,Safeway-DC1,6,"Ruffles Original Potato Chips, Party Size, 13 oz.",6.99,6.47,6.99,6.99,0.0,8.037094281298307,5,0.0,Within observed peer range,Low signal
Safeway_Safeway-DC1_2025-09-04_12:00 EST_6,1-D,Safeway,Safeway-DC1,6,"Ruffles Original Potato Chips, Party Size, 13 oz.",6.99,6.47,6.99,6.99,0.0,8.037094281298307,5,0.0,Within observed peer range,Low signal
Safeway_Safeway-DC1_2025-09-04_12:00 EST_6,1-E,Safeway,Safeway-DC1,6,"Ruffles Original Potato Chips, Party Size, 13 oz.",6.99,6.47,6.99,6.99,0.0,8.037094281298307,5,0.0,Within observed peer range,Low signal
Safeway_Safeway-DC1_2025-09-04_12:00 EST_7,1-A,Safeway,Safeway-DC1,7,"Premium Original Saltine Crackers, Lunch Snacks, 16 oz.",3.99,3.99,3.99,3.99,0.0,0.0,5,0.0,Within observed peer range,Low signal
Safeway_Safeway-DC1_2025-09-04_12:00 EST_7,1-B,Safeway,Safeway-DC1,7,"Premium Original Saltine Crackers, Lunch Snacks, 16 oz.",3.99,3.99,3.99,3.99,0.0,0.0,5,0.0,Within observed peer range,Low signal
Safeway_Safeway-DC1_2025-09-04_12:00 EST_7,1-C,Safeway,Safeway-DC1,7,"Premium Original Saltine Crackers, Lunch Snacks, 16 oz.",3.99,3.99,3.99,3.99,0.0,0.0,5,0.0,Within observed peer range,Low signal
Safeway_Safeway-DC1_2025-09-04_12:00 EST_7,1-D,Safeway,Safeway-DC1,7,"Premium Original Saltine Crackers, Lunch Snacks, 16 oz.",3.99,3.99,3.99,3.99,0.0,0.0,5,0.0,Within observed peer range,Low signal
Safeway_Safeway-DC1_2025-09-04_12:00 EST_7,1-E,Safeway,Safeway-DC1,7,"Premium Original Saltine Crackers, Lunch Snacks, 16 oz.",3.99,3.99,3.99,3.99,0.0,0.0,5,0.0,Within observed peer range,Low signal
Safeway_Safeway-DC1_2025-09-04_12:00 EST_8,1-A,Safeway,Safeway-DC1,8,"Signature Select Saltine Crackers, 16 oz.",3.99,3.99,3.99,3.99,0.0,0.0,5,0.0,Within observed peer range,Low signal
Safeway_Safeway-DC1_2025-09-04_12:00 EST_8,1-B,Safeway,Safeway-DC1,8,"Signature Select Saltine Crackers, 16 oz.",3.99,3.99,3.99,3.99,0.0,0.0,5,0.0,Within observed peer range,Low signal
Safeway_Safeway-DC1_2025-09-04_12:00 EST_8,1-C,Safeway,Safeway-DC1,8,"Signature Select Saltine Crackers, 16 oz.",3.99,3.99,3.99,3.99,0.0,0.0,5,0.0,Within observed peer range,Low signal
Safeway_Safeway-DC1_2025-09-04_12:00 EST_8,1-D,Safeway,Safeway-DC1,8,"Signature Select Saltine Crackers, 16 oz.",3.99,3.99,3.99,3.99,0.0,0.0,5,0.0,Within observed peer range,Low signal
Safeway_Safeway-DC1_2025-09-04_12:00 EST_8,1-E,Safeway,Safeway-DC1,8,"Signature Select Saltine Crackers, 16 oz.",3.99,3.99,3.99,3.99,0.0,0.0,5,0.0,Within observed peer range,Low signal
Safeway_Safeway-DC1_2025-09-04_12:00 EST_9,1-A,Safeway,Safeway-DC1,9,"Wheat Thins Original Snacks, Whole Grain Wheat Crackers, 9 oz.",4.31,4.31,4.89,4.89,-11.860940695296529,13.457076566125291,5,0.0,Within observed peer range,Low signal
Safeway_Safeway-DC1_2025-09-04_12:00 EST_9,1-B,Safeway,Safeway-DC1,9,"Wheat Thins Original Snacks, Whole Grain Wheat Crackers, 9 oz.",4.69,4.31,4.89,4.89,-4.089979550102241,13.457076566125291,5,0.0,Within observed peer range,Low signal
Safeway_Safeway-DC1_2025-09-04_12:00 EST_9,1-C,Safeway,Safeway-DC1,9,"Wheat Thins Original Snacks, Whole Grain Wheat Crackers, 9 oz.",4.89,4.31,4.89,4.89,0.0,13.457076566125291,5,0.0,Within observed peer range,Low signal
Safeway_Safeway-DC1_2025-09-04_12:00 EST_9,1-D,Safeway,Safeway-DC1,9,"Wheat Thins Original Snacks, Whole Grain Wheat Crackers, 9 oz.",4.89,4.31,4.89,4.89,0.0,13.457076566125291,5,0.0,Within observed peer range,Low signal
Safeway_Safeway-DC1_2025-09-04_12:00 EST_9,1-E,Safeway,Safeway-DC1,9,"Wheat Thins Original Snacks, Whole Grain Wheat Crackers, 9 oz.",4.89,4.31,4.89,4.89,0.0,13.457076566125291,5,0.0,Within observed peer range,Low signal
Safeway_Safeway-DC2_2025-09-10_11:00 EST_10,5-A,Safeway,Safeway-DC2,10,"Lucerne Eggs, Large, 12 ct.",4.69,4.28,4.59,4.69,2.178649237472774,9.579439252336451,4,8.714596949891096,Slightly above peers,Low signal
Safeway_Safeway-DC2_2025-09-10_11:00 EST_10,5-B,Safeway,Safeway-DC2,10,"Lucerne Eggs, Large, 12 ct.",4.59,4.28,4.59,4.69,0.0,9.579439252336451,4,0.0,Within observed peer range,Low signal
Safeway_Safeway-DC2_2025-09-10_11:00 EST_10,5-C,Safeway,Safeway-DC2,10,"Lucerne Eggs, Large, 12 ct.",4.59,4.28,4.59,4.69,0.0,9.579439252336451,4,0.0,Within observed peer range,Low signal
Safeway_Safeway-DC2_2025-09-10_11:00 EST_10,5-D,Safeway,Safeway-DC2,10,"Lucerne Eggs, Large, 12 ct.",4.28,4.28,4.59,4.69,-6.753812636165568,9.579439252336451,4,0.0,Within observed peer range,Low signal
Safeway_Safeway-DC2_2025-09-10_11:00 EST_11,5-A,Safeway,Safeway-DC2,11,"KIND Dark Chocolate Nuts & Sea Salt, 6 bars",10.99,10.99,10.99,11.59,0.0,5.459508644222017,4,0.0,Within observed peer range,Low signal
Safeway_Safeway-DC2_2025-09-10_11:00 EST_11,5-B,Safeway,Safeway-DC2,11,"KIND Dark Chocolate Nuts & Sea Salt, 6 bars",10.99,10.99,10.99,11.59,0.0,5.459508644222017,4,0.0,Within observed peer range,Low signal
Safeway_Safeway-DC2_2025-09-10_11:00 EST_11,5-C,Safeway,Safeway-DC2,11,"KIND Dark Chocolate Nuts & Sea Salt, 6 bars",10.99,10.99,10.99,11.59,0.0,5.459508644222017,4,0.0,Within observed peer range,Low signal
Safeway_Safeway-DC2_2025-09-10_11:00 EST_11,5-D,Safeway,Safeway-DC2,11,"KIND Dark Chocolate Nuts & Sea Salt, 6 bars",11.59,10.99,10.99,11.59,5.459508644222022,5.459508644222017,4,21.838034576888088,Noticeably above peers,Moderate signal
Safeway_Safeway-DC2_2025-09-10_11:00 EST_12,5-A,Safeway,Safeway-DC2,12,"Heinz Tomato Ketchup, 20 oz.",4.99,4.99,4.99,4.99,0.0,0.0,4,0.0,Within observed peer range,Low signal
Safeway_Safeway-DC2_2025-09-10_11:00 EST_12,5-B,Safeway,Safeway-DC2,12,"Heinz Tomato Ketchup, 20 oz.",4.99,4.99,4.99,4.99,0.0,0.0,4,0.0,Within observed peer range,Low signal
Safeway_Safeway-DC2_2025-09-10_11:00 EST_12,5-C,Safeway,Safeway-DC2,12,"Heinz Tomato Ketchup, 20 oz.",4.99,4.99,4.99,4.99,0.0,0.0,4,0.0,Within observed peer range,Low signal
Safeway_Safeway-DC2_2025-09-10_11:00 EST_12,5-D,Safeway,Safeway-DC2,12,"Heinz Tomato Ketchup, 20 oz.",4.99,4.99,4.99,4.99,0.0,0.0,4,0.0,Within observed peer range,Low signal
Safeway_Safeway-DC2_2025-09-10_11:00 EST_13,5-A,Safeway,Safeway-DC2,13,"Quaker 1-Minute Oats, 42 oz.",6.99,6.99,6.99,6.99,0.0,0.0,4,0.0,Within observed peer range,Low signal
Safeway_Safeway-DC2_2025-09-10_11:00 EST_13,5-B,Safeway,Safeway-DC2,13,"Quaker 1-Minute Oats, 42 oz.",6.99,6.99,6.99,6.99,0.0,0.0,4,0.0,Within observed peer range,Low signal
Safeway_Safeway-DC2_2025-09-10_11:00 EST_13,5-C,Safeway,Safeway-DC2,13,"Quaker 1-Minute Oats, 42 oz.",6.99,6.99,6.99,6.99,0.0,0.0,4,0.0,Within observed peer range,Low signal
Safeway_Safeway-DC2_2025-09-10_11:00 EST_13,5-D,Safeway,Safeway-DC2,13,"Quaker 1-Minute Oats, 42 oz.",6.99,6.99,6.99,6.99,0.0,0.0,4,0.0,Within observed peer range,Low signal
Safeway_Safeway-DC2_2025-09-10_11:00 EST_14,5-A,Safeway,Safeway-DC2,14,"Signature Select Quick One Minute Oatmeal, 42 oz.",5.99,5.99,6.39,6.69,-6.2597809076682225,11.686143572621036,4,0.0,Within observed peer range,Low signal
Safeway_Safeway-DC2_2025-09-10_11:00 EST_14,5-B,Safeway,Safeway-DC2,14,"Signature Select Quick One Minute Oatmeal, 42 oz.",6.39,5.99,6.39,6.69,0.0,11.686143572621036,4,0.0,Within observed peer range,Low signal
Safeway_Safeway-DC2_2025-09-10_11:00 EST_14,5-C,Safeway,Safeway-DC2,14,"Signature Select Quick One Minute Oatmeal, 42 oz.",6.39,5.99,6.39,6.69,0.0,11.686143572621036,4,0.0,Within observed peer range,Low signal
Safeway_Safeway-DC2_2025-09-10_11:00 EST_14,5-D,Safeway,Safeway-DC2,14,"Signature Select Quick One Minute Oatmeal, 42 oz.",6.69,5.99,6.39,6.69,4.694835680751175,11.686143572621036,4,18.7793427230047,Slightly above peers,Low signal
Safeway_Safeway-DC2_2025-09-10_11:00 EST_15,5-A,Safeway,Safeway-DC2,15,"Barilla Farfalle, Pasta Made with Durum Wheat, 16 oz.",2.69,2.69,2.69,2.79,0.0,3.7174721189591113,4,0.0,Within observed peer range,Low signal
Safeway_Safeway-DC2_2025-09-10_11:00 EST_15,5-B,Safeway,Safeway-DC2,15,"Barilla Farfalle, Pasta Made with Durum Wheat, 16 oz.",2.69,2.69,2.69,2.79,0.0,3.7174721189591113,4,0.0,Within observed peer range,Low signal
Safeway_Safeway-DC2_2025-09-10_11:00 EST_15,5-C,Safeway,Safeway-DC2,15,"Barilla Farfalle, Pasta Made with Durum Wheat, 16 oz.",2.69,2.69,2.69,2.79,0.0,3.7174721189591113,4,0.0,Within observed peer range,Low signal
Safeway_Safeway-DC2_2025-09-10_11:00 EST_15,5-D,Safeway,Safeway-DC2,15,"Barilla Farfalle, Pasta Made with Durum Wheat, 16 oz.",2.79,2.69,2.69,2.79,3.7174721189591198,3.7174721189591113,4,14.869888475836479,Slightly above peers,Low signal
Safeway_Safeway-DC2_2025-09-10_11:00 EST_16,5-A,Safeway,Safeway-DC2,16,"Signature Select Farfalle, 12 oz.",1.49,1.25,1.49,1.49,0.0,19.2,4,0.0,Within observed peer range,Low signal
Safeway_Safeway-DC2_2025-09-10_11:00 EST_16,5-B,Safeway,Safeway-DC2,16,"Signature Select Farfalle, 12 oz.",1.25,1.25,1.49,1.49,-16.10738255033557,19.2,4,0.0,Within observed peer range,Low signal
Safeway_Safeway-DC2_2025-09-10_11:00 EST_16,5-C,Safeway,Safeway-DC2,16,"Signature Select Farfalle, 12 oz.",1.49,1.25,1.49,1.49,0.0,19.2,4,0.0,Within observed peer range,Low signal
Safeway_Safeway-DC2_2025-09-10_11:00 EST_16,5-D,Safeway,Safeway-DC2,16,"Signature Select Farfalle, 12 oz.",1.49,1.25,1.49,1.49,0.0,19.2,4,0.0,Within observed peer range,Low signal
Safeway_Safeway-DC2_2025-09-10_11:00 EST_17,5-A,Safeway,Safeway-DC2,17,"Skippy Creamy Peanut Butter, 16 oz.",4.06,3.99,3.99,4.06,1.754385964912264,1.7543859649122653,4,7.017543859649056,Within observed peer range,Low signal
Safeway_Safeway-DC2_2025-09-10_11:00 EST_17,5-B,Safeway,Safeway-DC2,17,"Skippy Creamy Peanut Butter, 16 oz.",3.99,3.99,3.99,4.06,0.0,1.7543859649122653,4,0.0,Within observed peer range,Low signal
Safeway_Safeway-DC2_2025-09-10_11:00 EST_17,5-C,Safeway,Safeway-DC2,17,"Skippy Creamy Peanut Butter, 16 oz.",3.99,3.99,3.99,4.06,0.0,1.7543859649122653,4,0.0,Within observed peer range,Low signal
Safeway_Safeway-DC2_2025-09-10_11:00 EST_17,5-D,Safeway,Safeway-DC2,17,"Skippy Creamy Peanut Butter, 16 oz.",3.99,3.99,3.99,4.06,0.0,1.7543859649122653,4,0.0,Within observed peer range,Low signal
Safeway_Safeway-DC2_2025-09-10_11:00 EST_18,5-A,Safeway,Safeway-DC2,18,"Mission Super Soft Taco Flour Tortillas, 10 ct.",4.69,4.69,4.89,4.89,-4.089979550102241,4.2643923240938015,4,0.0,Within observed peer range,Low signal
Safeway_Safeway-DC2_2025-09-10_11:00 EST_18,5-B,Safeway,Safeway-DC2,18,"Mission Super Soft Taco Flour Tortillas, 10 ct.",4.89,4.69,4.89,4.89,0.0,4.2643923240938015,4,0.0,Within observed peer range,Low signal
Safeway_Safeway-DC2_2025-09-10_11:00 EST_18,5-C,Safeway,Safeway-DC2,18,"Mission Super Soft Taco Flour Tortillas, 10 ct.",4.89,4.69,4.89,4.89,0.0,4.2643923240938015,4,0.0,Within observed peer range,Low signal
Safeway_Safeway-DC2_2025-09-10_11:00 EST_18,5-D,Safeway,Safeway-DC2,18,"Mission Super Soft Taco Flour Tortillas, 10 ct.",4.89,4.69,4.89,4.89,0.0,4.2643923240938015,4,0.0,Within observed peer range,Low signal
Safeway_Safeway-DC2_2025-09-10_11:00 EST_19,5-A,Safeway,Safeway-DC2,19,"Oscar Mayer Deli Fresh Honey Smoked Turkey Breast Sliced Sandwich Lunch Meat, 9 oz.",6.99,6.99,6.99,6.99,0.0,0.0,4,0.0,Within observed peer range,Low signal
Safeway_Safeway-DC2_2025-09-10_11:00 EST_19,5-B,Safeway,Safeway-DC2,19,"Oscar Mayer Deli Fresh Honey Smoked Turkey Breast Sliced Sandwich Lunch Meat, 9 oz.",6.99,6.99,6.99,6.99,0.0,0.0,4,0.0,Within observed peer range,Low signal
Safeway_Safeway-DC2_2025-09-10_11:00 EST_19,5-C,Safeway,Safeway-DC2,19,"Oscar Mayer Deli Fresh Honey Smoked Turkey Breast Sliced Sandwich Lunch Meat, 9 oz.",6.99,6.99,6.99,6.99,0.0,0.0,4,0.0,Within observed peer range,Low signal
Safeway_Safeway-DC2_2025-09-10_11:00 EST_19,5-D,Safeway,Safeway-DC2,19,"Oscar Mayer Deli Fresh Honey Smoked Turkey Breast Sliced Sandwich Lunch Meat, 9 oz.",6.99,6.99,6.99,6.99,0.0,0.0,4,0.0,Within observed peer range,Low signal
Safeway_Safeway-DC2_2025-09-10_11:00 EST_2,5-A,Safeway,Safeway-DC2,2,"Signature Farms Carrots, Baby-Cut, Peeled, 16 oz.",1.59,1.49,1.54,1.59,3.2467532467532534,6.71140939597316,4,12.987012987013014,Slightly above peers,Low signal
Safeway_Safeway-DC2_2025-09-10_11:00 EST_2,5-B,Safeway,Safeway-DC2,2,"Signature Farms Carrots, Baby-Cut, Peeled, 16 oz.",1.49,1.49,1.54,1.59,-3.2467532467532534,6.71140939597316,4,0.0,Within observed peer range,Low signal
Safeway_Safeway-DC2_2025-09-10_11:00 EST_2,5-C,Safeway,Safeway-DC2,2,"Signature Farms Carrots, Baby-Cut, Peeled, 16 oz.",1.49,1.49,1.54,1.59,-3.2467532467532534,6.71140939597316,4,0.0,Within observed peer range,Low signal
Safeway_Safeway-DC2_2025-09-10_11:00 EST_2,5-D,Safeway,Safeway-DC2,2,"Signature Farms Carrots, Baby-Cut, Peeled, 16 oz.",1.59,1.49,1.54,1.59,3.2467532467532534,6.71140939597316,4,12.987012987013014,Slightly above peers,Low signal
Safeway_Safeway-DC2_2025-09-10_11:00 EST_20,5-A,Safeway,Safeway-DC2,20,"CLIF BAR Chocolate Chip Energy Bars, 10 Energy Bars, 10 x 2.4 oz.",15.99,15.99,16.99,16.99,-5.885815185403165,6.253908692933072,4,0.0,Within observed peer range,Low signal
Safeway_Safeway-DC2_2025-09-10_11:00 EST_20,5-B,Safeway,Safeway-DC2,20,"CLIF BAR Chocolate Chip Energy Bars, 10 Energy Bars, 10 x 2.4 oz.",16.99,15.99,16.99,16.99,0.0,6.253908692933072,4,0.0,Within observed peer range,Low signal
Safeway_Safeway-DC2_2025-09-10_11:00 EST_20,5-C,Safeway,Safeway-DC2,20,"CLIF BAR Chocolate Chip Energy Bars, 10 Energy Bars, 10 x 2.4 oz.",16.99,15.99,16.99,16.99,0.0,6.253908692933072,4,0.0,Within observed peer range,Low signal
Safeway_Safeway-DC2_2025-09-10_11:00 EST_20,5-D,Safeway,Safeway-DC2,20,"CLIF BAR Chocolate Chip Energy Bars, 10 Energy Bars, 10 x 2.4 oz.",16.99,15.99,16.99,16.99,0.0,6.253908692933072,4,0.0,Within observed peer range,Low signal
Safeway_Safeway-DC2_2025-09-10_11:00 EST_3,5-A,Safeway,Safeway-DC2,3,"Cheerios, 8.9 oz.",5.99,5.99,6.39,6.69,-6.2597809076682225,11.686143572621036,4,0.0,Within observed peer range,Low signal
Safeway_Safeway-DC2_2025-09-10_11:00 EST_3,5-B,Safeway,Safeway-DC2,3,"Cheerios, 8.9 oz.",6.39,5.99,6.39,6.69,0.0,11.686143572621036,4,0.0,Within observed peer range,Low signal
Safeway_Safeway-DC2_2025-09-10_11:00 EST_3,5-C,Safeway,Safeway-DC2,3,"Cheerios, 8.9 oz.",6.39,5.99,6.39,6.69,0.0,11.686143572621036,4,0.0,Within observed peer range,Low signal
Safeway_Safeway-DC2_2025-09-10_11:00 EST_3,5-D,Safeway,Safeway-DC2,3,"Cheerios, 8.9 oz.",6.69,5.99,6.39,6.69,4.694835680751175,11.686143572621036,4,18.7793427230047,Slightly above peers,Low signal
Safeway_Safeway-DC2_2025-09-10_11:00 EST_4,5-A,Safeway,Safeway-DC2,4,"Kellogg's Corn Flakes, 18 oz.",3.99,3.99,3.99,3.99,0.0,0.0,4,0.0,Within observed peer range,Low signal
Safeway_Safeway-DC2_2025-09-10_11:00 EST_4,5-B,Safeway,Safeway-DC2,4,"Kellogg's Corn Flakes, 18 oz.",3.99,3.99,3.99,3.99,0.0,0.0,4,0.0,Within observed peer range,Low signal
Safeway_Safeway-DC2_2025-09-10_11:00 EST_4,5-C,Safeway,Safeway-DC2,4,"Kellogg's Corn Flakes, 18 oz.",3.99,3.99,3.99,3.99,0.0,0.0,4,0.0,Within observed peer range,Low signal
Safeway_Safeway-DC2_2025-09-10_11:00 EST_4,5-D,Safeway,Safeway-DC2,4,"Kellogg's Corn Flakes, 18 oz.",3.99,3.99,3.99,3.99,0.0,0.0,4,0.0,Within observed peer range,Low signal
Safeway_Safeway-DC2_2025-09-10_11:00 EST_5,5-A,Safeway,Safeway-DC2,5,"Signature Select Corn Flakes, 18 oz.",2.99,2.99,3.49,3.69,-14.326647564469909,23.411371237458184,4,0.0,Within observed peer range,Low signal
Safeway_Safeway-DC2_2025-09-10_11:00 EST_5,5-B,Safeway,Safeway-DC2,5,"Signature Select Corn Flakes, 18 oz.",3.49,2.99,3.49,3.69,0.0,23.411371237458184,4,0.0,Within observed peer range,Low signal
Safeway_Safeway-DC2_2025-09-10_11:00 EST_5,5-C,Safeway,Safeway-DC2,5,"Signature Select Corn Flakes, 18 oz.",3.49,2.99,3.49,3.69,0.0,23.411371237458184,4,0.0,Within observed peer range,Low signal
Safeway_Safeway-DC2_2025-09-10_11:00 EST_5,5-D,Safeway,Safeway-DC2,5,"Signature Select Corn Flakes, 18 oz.",3.69,2.99,3.49,3.69,5.730659025787954,23.411371237458184,4,22.922636103151817,Noticeably above peers,Moderate signal
Safeway_Safeway-DC2_2025-09-10_11:00 EST_6,5-A,Safeway,Safeway-DC2,6,"Ruffles Original Potato Chips, Party Size, 13 oz.",7.99,7.99,7.99,7.99,0.0,0.0,4,0.0,Within observed peer range,Low signal
Safeway_Safeway-DC2_2025-09-10_11:00 EST_6,5-B,Safeway,Safeway-DC2,6,"Ruffles Original Potato Chips, Party Size, 13 oz.",7.99,7.99,7.99,7.99,0.0,0.0,4,0.0,Within observed peer range,Low signal
Safeway_Safeway-DC2_2025-09-10_11:00 EST_6,5-C,Safeway,Safeway-DC2,6,"Ruffles Original Potato Chips, Party Size, 13 oz.",7.99,7.99,7.99,7.99,0.0,0.0,4,0.0,Within observed peer range,Low signal
Safeway_Safeway-DC2_2025-09-10_11:00 EST_6,5-D,Safeway,Safeway-DC2,6,"Ruffles Original Potato Chips, Party Size, 13 oz.",7.99,7.99,7.99,7.99,0.0,0.0,4,0.0,Within observed peer range,Low signal
Safeway_Safeway-DC2_2025-09-10_11:00 EST_7,5-A,Safeway,Safeway-DC2,7,"Premium Original Saltine Crackers, Lunch Snacks, 16 oz.",4.99,4.99,5.49,5.49,-9.107468123861562,10.020040080160319,4,0.0,Within observed peer range,Low signal
Safeway_Safeway-DC2_2025-09-10_11:00 EST_7,5-B,Safeway,Safeway-DC2,7,"Premium Original Saltine Crackers, Lunch Snacks, 16 oz.",5.49,4.99,5.49,5.49,0.0,10.020040080160319,4,0.0,Within observed peer range,Low signal
Safeway_Safeway-DC2_2025-09-10_11:00 EST_7,5-C,Safeway,Safeway-DC2,7,"Premium Original Saltine Crackers, Lunch Snacks, 16 oz.",5.49,4.99,5.49,5.49,0.0,10.020040080160319,4,0.0,Within observed peer range,Low signal
Safeway_Safeway-DC2_2025-09-10_11:00 EST_7,5-D,Safeway,Safeway-DC2,7,"Premium Original Saltine Crackers, Lunch Snacks, 16 oz.",5.49,4.99,5.49,5.49,0.0,10.020040080160319,4,0.0,Within observed peer range,Low signal
Safeway_Safeway-DC2_2025-09-10_11:00 EST_8,5-A,Safeway,Safeway-DC2,8,"Signature Select Saltine Crackers, 16 oz.",2.99,2.99,3.69,3.69,-18.970189701897013,23.411371237458184,4,0.0,Within observed peer range,Low signal
Safeway_Safeway-DC2_2025-09-10_11:00 EST_8,5-B,Safeway,Safeway-DC2,8,"Signature Select Saltine Crackers, 16 oz.",3.69,2.99,3.69,3.69,0.0,23.411371237458184,4,0.0,Within observed peer range,Low signal
Safeway_Safeway-DC2_2025-09-10_11:00 EST_8,5-C,Safeway,Safeway-DC2,8,"Signature Select Saltine Crackers, 16 oz.",3.69,2.99,3.69,3.69,0.0,23.411371237458184,4,0.0,Within observed peer range,Low signal
Safeway_Safeway-DC2_2025-09-10_11:00 EST_8,5-D,Safeway,Safeway-DC2,8,"Signature Select Saltine Crackers, 16 oz.",3.69,2.99,3.69,3.69,0.0,23.411371237458184,4,0.0,Within observed peer range,Low signal
Safeway_Safeway-DC2_2025-09-10_11:00 EST_9,5-A,Safeway,Safeway-DC2,9,"Wheat Thins Original Snacks, Whole Grain Wheat Crackers, 9 oz.",4.99,4.99,4.99,4.99,0.0,0.0,4,0.0,Within observed peer range,Low signal
Safeway_Safeway-DC2_2025-09-10_11:00 EST_9,5-B,Safeway,Safeway-DC2,9,"Wheat Thins Original Snacks, Whole Grain Wheat Crackers, 9 oz.",4.99,4.99,4.99,4.99,0.0,0.0,4,0.0,Within observed peer range,Low signal
Safeway_Safeway-DC2_2025-09-10_11:00 EST_9,5-C,Safeway,Safeway-DC2,9,"Wheat Thins Original Snacks, Whole Grain Wheat Crackers, 9 oz.",4.99,4.99,4.99,4.99,0.0,0.0,4,0.0,Within observed peer range,Low signal
Safeway_Safeway-DC2_2025-09-10_11:00 EST_9,5-D,Safeway,Safeway-DC2,9,"Wheat Thins Original Snacks, Whole Grain Wheat Crackers, 9 oz.",4.99,4.99,4.99,4.99,0.0,0.0,4,0.0,Within observed peer range,Low signal
Safeway_Safeway-WA_2025-09-04_20:00 EST_1,2-A,Safeway,Safeway-WA,1,Honeycrisp apples (1 apple),2.16,2.16,2.44,2.44,-11.475409836065564,12.962962962962955,5,0.0,Within observed peer range,Low signal
Safeway_Safeway-WA_2025-09-04_20:00 EST_1,2-B,Safeway,Safeway-WA,1,Honeycrisp apples (1 apple),2.34,2.16,2.44,2.44,-4.098360655737709,12.962962962962955,5,0.0,Within observed peer range,Low signal
Safeway_Safeway-WA_2025-09-04_20:00 EST_1,2-C,Safeway,Safeway-WA,1,Honeycrisp apples (1 apple),2.44,2.16,2.44,2.44,0.0,12.962962962962955,5,0.0,Within observed peer range,Low signal
Safeway_Safeway-WA_2025-09-04_20:00 EST_1,2-D,Safeway,Safeway-WA,1,Honeycrisp apples (1 apple),2.44,2.16,2.44,2.44,0.0,12.962962962962955,5,0.0,Within observed peer range,Low signal
Safeway_Safeway-WA_2025-09-04_20:00 EST_1,2-E,Safeway,Safeway-WA,1,Honeycrisp apples (1 apple),2.44,2.16,2.44,2.44,0.0,12.962962962962955,5,0.0,Within observed peer range,Low signal
Safeway_Safeway-WA_2025-09-04_20:00 EST_10,2-A,Safeway,Safeway-WA,10,"Lucerne Eggs, Large, 12 ct.",6.47,6.47,6.99,6.99,-7.439198855507878,8.037094281298307,5,0.0,Within observed peer range,Low signal
Safeway_Safeway-WA_2025-09-04_20:00 EST_10,2-B,Safeway,Safeway-WA,10,"Lucerne Eggs, Large, 12 ct.",6.99,6.47,6.99,6.99,0.0,8.037094281298307,5,0.0,Within observed peer range,Low signal
Safeway_Safeway-WA_2025-09-04_20:00 EST_10,2-C,Safeway,Safeway-WA,10,"Lucerne Eggs, Large, 12 ct.",6.99,6.47,6.99,6.99,0.0,8.037094281298307,5,0.0,Within observed peer range,Low signal
Safeway_Safeway-WA_2025-09-04_20:00 EST_10,2-D,Safeway,Safeway-WA,10,"Lucerne Eggs, Large, 12 ct.",6.99,6.47,6.99,6.99,0.0,8.037094281298307,5,0.0,Within observed peer range,Low signal
Safeway_Safeway-WA_2025-09-04_20:00 EST_10,2-E,Safeway,Safeway-WA,10,"Lucerne Eggs, Large, 12 ct.",6.47,6.47,6.99,6.99,-7.439198855507878,8.037094281298307,5,0.0,Within observed peer range,Low signal
Safeway_Safeway-WA_2025-09-04_20:00 EST_11,2-A,Safeway,Safeway-WA,11,"KIND Dark Chocolate Nuts & Sea Salt, 6 bars",10.25,10.25,10.99,11.59,-6.733393994540493,13.073170731707314,5,0.0,Within observed peer range,Low signal
Safeway_Safeway-WA_2025-09-04_20:00 EST_11,2-B,Safeway,Safeway-WA,11,"KIND Dark Chocolate Nuts & Sea Salt, 6 bars",10.99,10.25,10.99,11.59,0.0,13.073170731707314,5,0.0,Within observed peer range,Low signal
Safeway_Safeway-WA_2025-09-04_20:00 EST_11,2-C,Safeway,Safeway-WA,11,"KIND Dark Chocolate Nuts & Sea Salt, 6 bars",10.99,10.25,10.99,11.59,0.0,13.073170731707314,5,0.0,Within observed peer range,Low signal
Safeway_Safeway-WA_2025-09-04_20:00 EST_11,2-D,Safeway,Safeway-WA,11,"KIND Dark Chocolate Nuts & Sea Salt, 6 bars",10.99,10.25,10.99,11.59,0.0,13.073170731707314,5,0.0,Within observed peer range,Low signal
Safeway_Safeway-WA_2025-09-04_20:00 EST_11,2-E,Safeway,Safeway-WA,11,"KIND Dark Chocolate Nuts & Sea Salt, 6 bars",11.59,10.25,10.99,11.59,5.459508644222022,13.073170731707314,5,21.838034576888088,Noticeably above peers,Moderate signal
Safeway_Safeway-WA_2025-09-04_20:00 EST_12,2-A,Safeway,Safeway-WA,12,"Heinz Tomato Ketchup, 20 oz.",5.99,5.99,5.99,5.99,0.0,0.0,5,0.0,Within observed peer range,Low signal
Safeway_Safeway-WA_2025-09-04_20:00 EST_12,2-B,Safeway,Safeway-WA,12,"Heinz Tomato Ketchup, 20 oz.",5.99,5.99,5.99,5.99,0.0,0.0,5,0.0,Within observed peer range,Low signal
Safeway_Safeway-WA_2025-09-04_20:00 EST_12,2-C,Safeway,Safeway-WA,12,"Heinz Tomato Ketchup, 20 oz.",5.99,5.99,5.99,5.99,0.0,0.0,5,0.0,Within observed peer range,Low signal
Safeway_Safeway-WA_2025-09-04_20:00 EST_12,2-D,Safeway,Safeway-WA,12,"Heinz Tomato Ketchup, 20 oz.",5.99,5.99,5.99,5.99,0.0,0.0,5,0.0,Within observed peer range,Low signal
Safeway_Safeway-WA_2025-09-04_20:00 EST_12,2-E,Safeway,Safeway-WA,12,"Heinz Tomato Ketchup, 20 oz.",5.99,5.99,5.99,5.99,0.0,0.0,5,0.0,Within observed peer range,Low signal
Safeway_Safeway-WA_2025-09-04_20:00 EST_13,2-A,Safeway,Safeway-WA,13,"Quaker 1-Minute Oats, 42 oz.",8.99,8.99,8.99,9.79,0.0,8.898776418242479,5,0.0,Within observed peer range,Low signal
Safeway_Safeway-WA_2025-09-04_20:00 EST_13,2-B,Safeway,Safeway-WA,13,"Quaker 1-Minute Oats, 42 oz.",8.99,8.99,8.99,9.79,0.0,8.898776418242479,5,0.0,Within observed peer range,Low signal
Safeway_Safeway-WA_2025-09-04_20:00 EST_13,2-C,Safeway,Safeway-WA,13,"Quaker 1-Minute Oats, 42 oz.",8.99,8.99,8.99,9.79,0.0,8.898776418242479,5,0.0,Within observed peer range,Low signal
Safeway_Safeway-WA_2025-09-04_20:00 EST_13,2-D,Safeway,Safeway-WA,13,"Quaker 1-Minute Oats, 42 oz.",8.99,8.99,8.99,9.79,0.0,8.898776418242479,5,0.0,Within observed peer range,Low signal
Safeway_Safeway-WA_2025-09-04_20:00 EST_13,2-E,Safeway,Safeway-WA,13,"Quaker 1-Minute Oats, 42 oz.",9.79,8.99,8.99,9.79,8.898776418242482,8.898776418242479,5,35.59510567296993,Noticeably above peers,Moderate signal
Safeway_Safeway-WA_2025-09-04_20:00 EST_14,2-A,Safeway,Safeway-WA,14,"Signature Select Quick One Minute Oatmeal, 42 oz.",6.47,6.47,6.99,6.99,-7.439198855507878,8.037094281298307,5,0.0,Within observed peer range,Low signal
Safeway_Safeway-WA_2025-09-04_20:00 EST_14,2-B,Safeway,Safeway-WA,14,"Signature Select Quick One Minute Oatmeal, 42 oz.",6.99,6.47,6.99,6.99,0.0,8.037094281298307,5,0.0,Within observed peer range,Low signal
Safeway_Safeway-WA_2025-09-04_20:00 EST_14,2-C,Safeway,Safeway-WA,14,"Signature Select Quick One Minute Oatmeal, 42 oz.",6.99,6.47,6.99,6.99,0.0,8.037094281298307,5,0.0,Within observed peer range,Low signal
Safeway_Safeway-WA_2025-09-04_20:00 EST_14,2-D,Safeway,Safeway-WA,14,"Signature Select Quick One Minute Oatmeal, 42 oz.",6.99,6.47,6.99,6.99,0.0,8.037094281298307,5,0.0,Within observed peer range,Low signal
Safeway_Safeway-WA_2025-09-04_20:00 EST_14,2-E,Safeway,Safeway-WA,14,"Signature Select Quick One Minute Oatmeal, 42 oz.",6.99,6.47,6.99,6.99,0.0,8.037094281298307,5,0.0,Within observed peer range,Low signal
Safeway_Safeway-WA_2025-09-04_20:00 EST_15,2-A,Safeway,Safeway-WA,15,"Barilla Farfalle, Pasta Made with Durum Wheat, 16 oz.",2.99,2.99,2.99,2.99,0.0,0.0,5,0.0,Within observed peer range,Low signal
Safeway_Safeway-WA_2025-09-04_20:00 EST_15,2-B,Safeway,Safeway-WA,15,"Barilla Farfalle, Pasta Made with Durum Wheat, 16 oz.",2.99,2.99,2.99,2.99,0.0,0.0,5,0.0,Within observed peer range,Low signal
Safeway_Safeway-WA_2025-09-04_20:00 EST_15,2-C,Safeway,Safeway-WA,15,"Barilla Farfalle, Pasta Made with Durum Wheat, 16 oz.",2.99,2.99,2.99,2.99,0.0,0.0,5,0.0,Within observed peer range,Low signal
Safeway_Safeway-WA_2025-09-04_20:00 EST_15,2-D,Safeway,Safeway-WA,15,"Barilla Farfalle, Pasta Made with Durum Wheat, 16 oz.",2.99,2.99,2.99,2.99,0.0,0.0,5,0.0,Within observed peer range,Low signal
Safeway_Safeway-WA_2025-09-04_20:00 EST_15,2-E,Safeway,Safeway-WA,15,"Barilla Farfalle, Pasta Made with Durum Wheat, 16 oz.",2.99,2.99,2.99,2.99,0.0,0.0,5,0.0,Within observed peer range,Low signal
Safeway_Safeway-WA_2025-09-04_20:00 EST_16,2-A,Safeway,Safeway-WA,16,"Signature Select Farfalle, 12 oz.",1.35,1.35,1.49,1.49,-9.395973154362414,10.370370370370363,5,0.0,Within observed peer range,Low signal
Safeway_Safeway-WA_2025-09-04_20:00 EST_16,2-B,Safeway,Safeway-WA,16,"Signature Select Farfalle, 12 oz.",1.49,1.35,1.49,1.49,0.0,10.370370370370363,5,0.0,Within observed peer range,Low signal
Safeway_Safeway-WA_2025-09-04_20:00 EST_16,2-C,Safeway,Safeway-WA,16,"Signature Select Farfalle, 12 oz.",1.49,1.35,1.49,1.49,0.0,10.370370370370363,5,0.0,Within observed peer range,Low signal
Safeway_Safeway-WA_2025-09-04_20:00 EST_16,2-D,Safeway,Safeway-WA,16,"Signature Select Farfalle, 12 oz.",1.49,1.35,1.49,1.49,0.0,10.370370370370363,5,0.0,Within observed peer range,Low signal
Safeway_Safeway-WA_2025-09-04_20:00 EST_16,2-E,Safeway,Safeway-WA,16,"Signature Select Farfalle, 12 oz.",1.49,1.35,1.49,1.49,0.0,10.370370370370363,5,0.0,Within observed peer range,Low signal
Safeway_Safeway-WA_2025-09-04_20:00 EST_17,2-A,Safeway,Safeway-WA,17,"Skippy Creamy Peanut Butter, 16 oz.",3.23,2.99,3.23,3.69,0.0,23.411371237458184,5,0.0,Within observed peer range,Low signal
Safeway_Safeway-WA_2025-09-04_20:00 EST_17,2-B,Safeway,Safeway-WA,17,"Skippy Creamy Peanut Butter, 16 oz.",2.99,2.99,3.23,3.69,-7.430340557275539,23.411371237458184,5,0.0,Within observed peer range,Low signal
Safeway_Safeway-WA_2025-09-04_20:00 EST_17,2-C,Safeway,Safeway-WA,17,"Skippy Creamy Peanut Butter, 16 oz.",2.99,2.99,3.23,3.69,-7.430340557275539,23.411371237458184,5,0.0,Within observed peer range,Low signal
Safeway_Safeway-WA_2025-09-04_20:00 EST_17,2-D,Safeway,Safeway-WA,17,"Skippy Creamy Peanut Butter, 16 oz.",3.49,2.99,3.23,3.69,8.049535603715174,23.411371237458184,5,32.1981424148607,Noticeably above peers,Moderate signal
Safeway_Safeway-WA_2025-09-04_20:00 EST_17,2-E,Safeway,Safeway-WA,17,"Skippy Creamy Peanut Butter, 16 oz.",3.69,2.99,3.23,3.69,14.241486068111463,23.411371237458184,5,56.96594427244585,Substantially above peers,High signal
Safeway_Safeway-WA_2025-09-04_20:00 EST_18,2-A,Safeway,Safeway-WA,18,"Mission Super Soft Taco Flour Tortillas, 10 ct.",2.99,2.99,2.99,2.99,0.0,0.0,5,0.0,Within observed peer range,Low signal
Safeway_Safeway-WA_2025-09-04_20:00 EST_18,2-B,Safeway,Safeway-WA,18,"Mission Super Soft Taco Flour Tortillas, 10 ct.",2.99,2.99,2.99,2.99,0.0,0.0,5,0.0,Within observed peer range,Low signal
Safeway_Safeway-WA_2025-09-04_20:00 EST_18,2-C,Safeway,Safeway-WA,18,"Mission Super Soft Taco Flour Tortillas, 10 ct.",2.99,2.99,2.99,2.99,0.0,0.0,5,0.0,Within observed peer range,Low signal
Safeway_Safeway-WA_2025-09-04_20:00 EST_18,2-D,Safeway,Safeway-WA,18,"Mission Super Soft Taco Flour Tortillas, 10 ct.",2.99,2.99,2.99,2.99,0.0,0.0,5,0.0,Within observed peer range,Low signal
Safeway_Safeway-WA_2025-09-04_20:00 EST_18,2-E,Safeway,Safeway-WA,18,"Mission Super Soft Taco Flour Tortillas, 10 ct.",2.99,2.99,2.99,2.99,0.0,0.0,5,0.0,Within observed peer range,Low signal
Safeway_Safeway-WA_2025-09-04_20:00 EST_19,2-A,Safeway,Safeway-WA,19,"Oscar Mayer Deli Fresh Honey Smoked Turkey Breast Sliced Sandwich Lunch Meat, 9 oz.",4.31,4.31,4.69,4.89,-8.102345415778267,13.457076566125291,5,0.0,Within observed peer range,Low signal
Safeway_Safeway-WA_2025-09-04_20:00 EST_19,2-B,Safeway,Safeway-WA,19,"Oscar Mayer Deli Fresh Honey Smoked Turkey Breast Sliced Sandwich Lunch Meat, 9 oz.",4.69,4.31,4.69,4.89,0.0,13.457076566125291,5,0.0,Within observed peer range,Low signal
Safeway_Safeway-WA_2025-09-04_20:00 EST_19,2-C,Safeway,Safeway-WA,19,"Oscar Mayer Deli Fresh Honey Smoked Turkey Breast Sliced Sandwich Lunch Meat, 9 oz.",4.69,4.31,4.69,4.89,0.0,13.457076566125291,5,0.0,Within observed peer range,Low signal
Safeway_Safeway-WA_2025-09-04_20:00 EST_19,2-D,Safeway,Safeway-WA,19,"Oscar Mayer Deli Fresh Honey Smoked Turkey Breast Sliced Sandwich Lunch Meat, 9 oz.",4.59,4.31,4.69,4.89,-2.1321961620469176,13.457076566125291,5,0.0,Within observed peer range,Low signal
Safeway_Safeway-WA_2025-09-04_20:00 EST_19,2-E,Safeway,Safeway-WA,19,"Oscar Mayer Deli Fresh Honey Smoked Turkey Breast Sliced Sandwich Lunch Meat, 9 oz.",4.89,4.31,4.69,4.89,4.264392324093791,13.457076566125291,5,17.057569296375164,Slightly above peers,Low signal
Safeway_Safeway-WA_2025-09-04_20:00 EST_2,2-A,Safeway,Safeway-WA,2,"Signature Farms Carrots, Baby-Cut, Peeled, 16 oz.",1.61,1.61,1.79,1.79,-10.05586592178771,11.18012422360248,5,0.0,Within observed peer range,Low signal
Safeway_Safeway-WA_2025-09-04_20:00 EST_2,2-B,Safeway,Safeway-WA,2,"Signature Farms Carrots, Baby-Cut, Peeled, 16 oz.",1.79,1.61,1.79,1.79,0.0,11.18012422360248,5,0.0,Within observed peer range,Low signal
Safeway_Safeway-WA_2025-09-04_20:00 EST_2,2-C,Safeway,Safeway-WA,2,"Signature Farms Carrots, Baby-Cut, Peeled, 16 oz.",1.79,1.61,1.79,1.79,0.0,11.18012422360248,5,0.0,Within observed peer range,Low signal
Safeway_Safeway-WA_2025-09-04_20:00 EST_2,2-D,Safeway,Safeway-WA,2,"Signature Farms Carrots, Baby-Cut, Peeled, 16 oz.",1.69,1.61,1.79,1.79,-5.586592178770955,11.18012422360248,5,0.0,Within observed peer range,Low signal
Safeway_Safeway-WA_2025-09-04_20:00 EST_2,2-E,Safeway,Safeway-WA,2,"Signature Farms Carrots, Baby-Cut, Peeled, 16 oz.",1.79,1.61,1.79,1.79,0.0,11.18012422360248,5,0.0,Within observed peer range,Low signal
Safeway_Safeway-WA_2025-09-04_20:00 EST_20,2-A,Safeway,Safeway-WA,20,"CLIF BAR Chocolate Chip Energy Bars, 10 Energy Bars, 10 x 2.4 oz.",19.43,19.43,21.99,21.99,-11.641655297862663,13.175501801338129,5,0.0,Within observed peer range,Low signal
Safeway_Safeway-WA_2025-09-04_20:00 EST_20,2-B,Safeway,Safeway-WA,20,"CLIF BAR Chocolate Chip Energy Bars, 10 Energy Bars, 10 x 2.4 oz.",19.99,19.43,21.99,21.99,-9.09504320145521,13.175501801338129,5,0.0,Within observed peer range,Low signal
Safeway_Safeway-WA_2025-09-04_20:00 EST_20,2-C,Safeway,Safeway-WA,20,"CLIF BAR Chocolate Chip Energy Bars, 10 Energy Bars, 10 x 2.4 oz.",21.99,19.43,21.99,21.99,0.0,13.175501801338129,5,0.0,Within observed peer range,Low signal
Safeway_Safeway-WA_2025-09-04_20:00 EST_20,2-D,Safeway,Safeway-WA,20,"CLIF BAR Chocolate Chip Energy Bars, 10 Energy Bars, 10 x 2.4 oz.",21.99,19.43,21.99,21.99,0.0,13.175501801338129,5,0.0,Within observed peer range,Low signal
Safeway_Safeway-WA_2025-09-04_20:00 EST_20,2-E,Safeway,Safeway-WA,20,"CLIF BAR Chocolate Chip Energy Bars, 10 Energy Bars, 10 x 2.4 oz.",21.99,19.43,21.99,21.99,0.0,13.175501801338129,5,0.0,Within observed peer range,Low signal
Safeway_Safeway-WA_2025-09-04_20:00 EST_3,2-A,Safeway,Safeway-WA,3,"Cheerios, 8.9 oz.",7.34,7.34,7.99,7.99,-8.135168961201511,8.855585831062674,5,0.0,Within observed peer range,Low signal
Safeway_Safeway-WA_2025-09-04_20:00 EST_3,2-B,Safeway,Safeway-WA,3,"Cheerios, 8.9 oz.",7.99,7.34,7.99,7.99,0.0,8.855585831062674,5,0.0,Within observed peer range,Low signal
Safeway_Safeway-WA_2025-09-04_20:00 EST_3,2-C,Safeway,Safeway-WA,3,"Cheerios, 8.9 oz.",7.99,7.34,7.99,7.99,0.0,8.855585831062674,5,0.0,Within observed peer range,Low signal
Safeway_Safeway-WA_2025-09-04_20:00 EST_3,2-D,Safeway,Safeway-WA,3,"Cheerios, 8.9 oz.",7.99,7.34,7.99,7.99,0.0,8.855585831062674,5,0.0,Within observed peer range,Low signal
Safeway_Safeway-WA_2025-09-04_20:00 EST_3,2-E,Safeway,Safeway-WA,3,"Cheerios, 8.9 oz.",7.99,7.34,7.99,7.99,0.0,8.855585831062674,5,0.0,Within observed peer range,Low signal
Safeway_Safeway-WA_2025-09-04_20:00 EST_4,2-A,Safeway,Safeway-WA,4,"Kellogg's Corn Flakes, 18 oz.",7.01,7.01,7.99,7.99,-12.265331664580737,13.980028530670477,5,0.0,Within observed peer range,Low signal
Safeway_Safeway-WA_2025-09-04_20:00 EST_4,2-B,Safeway,Safeway-WA,4,"Kellogg's Corn Flakes, 18 oz.",7.99,7.01,7.99,7.99,0.0,13.980028530670477,5,0.0,Within observed peer range,Low signal
Safeway_Safeway-WA_2025-09-04_20:00 EST_4,2-C,Safeway,Safeway-WA,4,"Kellogg's Corn Flakes, 18 oz.",7.99,7.01,7.99,7.99,0.0,13.980028530670477,5,0.0,Within observed peer range,Low signal
Safeway_Safeway-WA_2025-09-04_20:00 EST_4,2-D,Safeway,Safeway-WA,4,"Kellogg's Corn Flakes, 18 oz.",7.99,7.01,7.99,7.99,0.0,13.980028530670477,5,0.0,Within observed peer range,Low signal
Safeway_Safeway-WA_2025-09-04_20:00 EST_4,2-E,Safeway,Safeway-WA,4,"Kellogg's Corn Flakes, 18 oz.",7.99,7.01,7.99,7.99,0.0,13.980028530670477,5,0.0,Within observed peer range,Low signal
Safeway_Safeway-WA_2025-09-04_20:00 EST_5,2-A,Safeway,Safeway-WA,5,"Signature Select Corn Flakes, 18 oz.",4.99,4.99,4.99,4.99,0.0,0.0,5,0.0,Within observed peer range,Low signal
Safeway_Safeway-WA_2025-09-04_20:00 EST_5,2-B,Safeway,Safeway-WA,5,"Signature Select Corn Flakes, 18 oz.",4.99,4.99,4.99,4.99,0.0,0.0,5,0.0,Within observed peer range,Low signal
Safeway_Safeway-WA_2025-09-04_20:00 EST_5,2-C,Safeway,Safeway-WA,5,"Signature Select Corn Flakes, 18 oz.",4.99,4.99,4.99,4.99,0.0,0.0,5,0.0,Within observed peer range,Low signal
Safeway_Safeway-WA_2025-09-04_20:00 EST_5,2-D,Safeway,Safeway-WA,5,"Signature Select Corn Flakes, 18 oz.",4.99,4.99,4.99,4.99,0.0,0.0,5,0.0,Within observed peer range,Low signal
Safeway_Safeway-WA_2025-09-04_20:00 EST_5,2-E,Safeway,Safeway-WA,5,"Signature Select Corn Flakes, 18 oz.",4.99,4.99,4.99,4.99,0.0,0.0,5,0.0,Within observed peer range,Low signal
Safeway_Safeway-WA_2025-09-04_20:00 EST_6,2-A,Safeway,Safeway-WA,6,"Ruffles Original Potato Chips, Party Size, 13 oz.",6.47,6.47,6.99,6.99,-7.439198855507878,8.037094281298307,5,0.0,Within observed peer range,Low signal
Safeway_Safeway-WA_2025-09-04_20:00 EST_6,2-B,Safeway,Safeway-WA,6,"Ruffles Original Potato Chips, Party Size, 13 oz.",6.99,6.47,6.99,6.99,0.0,8.037094281298307,5,0.0,Within observed peer range,Low signal
Safeway_Safeway-WA_2025-09-04_20:00 EST_6,2-C,Safeway,Safeway-WA,6,"Ruffles Original Potato Chips, Party Size, 13 oz.",6.99,6.47,6.99,6.99,0.0,8.037094281298307,5,0.0,Within observed peer range,Low signal
Safeway_Safeway-WA_2025-09-04_20:00 EST_6,2-D,Safeway,Safeway-WA,6,"Ruffles Original Potato Chips, Party Size, 13 oz.",6.99,6.47,6.99,6.99,0.0,8.037094281298307,5,0.0,Within observed peer range,Low signal
Safeway_Safeway-WA_2025-09-04_20:00 EST_6,2-E,Safeway,Safeway-WA,6,"Ruffles Original Potato Chips, Party Size, 13 oz.",6.99,6.47,6.99,6.99,0.0,8.037094281298307,5,0.0,Within observed peer range,Low signal
Safeway_Safeway-WA_2025-09-04_20:00 EST_7,2-A,Safeway,Safeway-WA,7,"Premium Original Saltine Crackers, Lunch Snacks, 16 oz.",3.99,3.99,3.99,3.99,0.0,0.0,5,0.0,Within observed peer range,Low signal
Safeway_Safeway-WA_2025-09-04_20:00 EST_7,2-B,Safeway,Safeway-WA,7,"Premium Original Saltine Crackers, Lunch Snacks, 16 oz.",3.99,3.99,3.99,3.99,0.0,0.0,5,0.0,Within observed peer range,Low signal
Safeway_Safeway-WA_2025-09-04_20:00 EST_7,2-C,Safeway,Safeway-WA,7,"Premium Original Saltine Crackers, Lunch Snacks, 16 oz.",3.99,3.99,3.99,3.99,0.0,0.0,5,0.0,Within observed peer range,Low signal
Safeway_Safeway-WA_2025-09-04_20:00 EST_7,2-D,Safeway,Safeway-WA,7,"Premium Original Saltine Crackers, Lunch Snacks, 16 oz.",3.99,3.99,3.99,3.99,0.0,0.0,5,0.0,Within observed peer range,Low signal
Safeway_Safeway-WA_2025-09-04_20:00 EST_7,2-E,Safeway,Safeway-WA,7,"Premium Original Saltine Crackers, Lunch Snacks, 16 oz.",3.99,3.99,3.99,3.99,0.0,0.0,5,0.0,Within observed peer range,Low signal
Safeway_Safeway-WA_2025-09-04_20:00 EST_8,2-A,Safeway,Safeway-WA,8,"Signature Select Saltine Crackers, 16 oz.",3.99,3.99,3.99,3.99,0.0,0.0,5,0.0,Within observed peer range,Low signal
Safeway_Safeway-WA_2025-09-04_20:00 EST_8,2-B,Safeway,Safeway-WA,8,"Signature Select Saltine Crackers, 16 oz.",3.99,3.99,3.99,3.99,0.0,0.0,5,0.0,Within observed peer range,Low signal
Safeway_Safeway-WA_2025-09-04_20:00 EST_8,2-C,Safeway,Safeway-WA,8,"Signature Select Saltine Crackers, 16 oz.",3.99,3.99,3.99,3.99,0.0,0.0,5,0.0,Within observed peer range,Low signal
Safeway_Safeway-WA_2025-09-04_20:00 EST_8,2-D,Safeway,Safeway-WA,8,"Signature Select Saltine Crackers, 16 oz.",3.99,3.99,3.99,3.99,0.0,0.0,5,0.0,Within observed peer range,Low signal
Safeway_Safeway-WA_2025-09-04_20:00 EST_8,2-E,Safeway,Safeway-WA,8,"Signature Select Saltine Crackers, 16 oz.",3.99,3.99,3.99,3.99,0.0,0.0,5,0.0,Within observed peer range,Low signal
Safeway_Safeway-WA_2025-09-04_20:00 EST_9,2-A,Safeway,Safeway-WA,9,"Wheat Thins Original Snacks, Whole Grain Wheat Crackers, 9 oz.",4.31,4.31,4.89,4.89,-11.860940695296529,13.457076566125291,5,0.0,Within observed peer range,Low signal
Safeway_Safeway-WA_2025-09-04_20:00 EST_9,2-B,Safeway,Safeway-WA,9,"Wheat Thins Original Snacks, Whole Grain Wheat Crackers, 9 oz.",4.69,4.31,4.89,4.89,-4.089979550102241,13.457076566125291,5,0.0,Within observed peer range,Low signal
Safeway_Safeway-WA_2025-09-04_20:00 EST_9,2-C,Safeway,Safeway-WA,9,"Wheat Thins Original Snacks, Whole Grain Wheat Crackers, 9 oz.",4.89,4.31,4.89,4.89,0.0,13.457076566125291,5,0.0,Within observed peer range,Low signal
Safeway_Safeway-WA_2025-09-04_20:00 EST_9,2-D,Safeway,Safeway-WA,9,"Wheat Thins Original Snacks, Whole Grain Wheat Crackers, 9 oz.",4.89,4.31,4.89,4.89,0.0,13.457076566125291,5,0.0,Within observed peer range,Low signal
Safeway_Safeway-WA_2025-09-04_20:00 EST_9,2-E,Safeway,Safeway-WA,9,"Wheat Thins Original Snacks, Whole Grain Wheat Crackers, 9 oz.",4.89,4.31,4.89,4.89,0.0,13.457076566125291,5,0.0,Within observed peer range,Low signal
Target_Target-MN_2025-09-08_13:00 EST_1,3-A,Target,Target-MN,1,Honeycrisp apples (1 apple),1.81,1.79,1.79,1.91,1.1173184357541999,6.703910614525133,7,4.4692737430167995,Within observed peer range,Low signal
Target_Target-MN_2025-09-08_13:00 EST_1,3-B,Target,Target-MN,1,Honeycrisp apples (1 apple),1.81,1.79,1.79,1.91,1.1173184357541999,6.703910614525133,7,4.4692737430167995,Within observed peer range,Low signal
Target_Target-MN_2025-09-08_13:00 EST_1,3-C,Target,Target-MN,1,Honeycrisp apples (1 apple),1.79,1.79,1.79,1.91,0.0,6.703910614525133,7,0.0,Within observed peer range,Low signal
Target_Target-MN_2025-09-08_13:00 EST_1,3-D,Target,Target-MN,1,Honeycrisp apples (1 apple),1.79,1.79,1.79,1.91,0.0,6.703910614525133,7,0.0,Within observed peer range,Low signal
Target_Target-MN_2025-09-08_13:00 EST_1,3-E,Target,Target-MN,1,Honeycrisp apples (1 apple),1.79,1.79,1.79,1.91,0.0,6.703910614525133,7,0.0,Within observed peer range,Low signal
Target_Target-MN_2025-09-08_13:00 EST_1,3-F,Target,Target-MN,1,Honeycrisp apples (1 apple),1.79,1.79,1.79,1.91,0.0,6.703910614525133,7,0.0,Within observed peer range,Low signal
Target_Target-MN_2025-09-08_13:00 EST_1,3-G,Target,Target-MN,1,Honeycrisp apples (1 apple),1.91,1.79,1.79,1.91,6.703910614525133,6.703910614525133,7,26.81564245810053,Noticeably above peers,Moderate signal
Target_Target-MN_2025-09-08_13:00 EST_10,3-A,Target,Target-MN,10,"Market Pantry Eggs, Large 12 ct.",2.99,2.99,2.99,2.99,0.0,0.0,7,0.0,Within observed peer range,Low signal
Target_Target-MN_2025-09-08_13:00 EST_10,3-B,Target,Target-MN,10,"Market Pantry Eggs, Large 12 ct.",2.99,2.99,2.99,2.99,0.0,0.0,7,0.0,Within observed peer range,Low signal
Target_Target-MN_2025-09-08_13:00 EST_10,3-C,Target,Target-MN,10,"Market Pantry Eggs, Large 12 ct.",2.99,2.99,2.99,2.99,0.0,0.0,7,0.0,Within observed peer range,Low signal
Target_Target-MN_2025-09-08_13:00 EST_10,3-D,Target,Target-MN,10,"Market Pantry Eggs, Large 12 ct.",2.99,2.99,2.99,2.99,0.0,0.0,7,0.0,Within observed peer range,Low signal
Target_Target-MN_2025-09-08_13:00 EST_10,3-E,Target,Target-MN,10,"Market Pantry Eggs, Large 12 ct.",2.99,2.99,2.99,2.99,0.0,0.0,7,0.0,Within observed peer range,Low signal
Target_Target-MN_2025-09-08_13:00 EST_10,3-F,Target,Target-MN,10,"Market Pantry Eggs, Large 12 ct.",2.99,2.99,2.99,2.99,0.0,0.0,7,0.0,Within observed peer range,Low signal
Target_Target-MN_2025-09-08_13:00 EST_10,3-G,Target,Target-MN,10,"Market Pantry Eggs, Large 12 ct.",2.99,2.99,2.99,2.99,0.0,0.0,7,0.0,Within observed peer range,Low signal
Target_Target-MN_2025-09-08_13:00 EST_11,3-A,Target,Target-MN,11,"CLIF Bar Chocolate Chip Energy Bars, 10 Energy Bars, 10 x 2.4 oz.",13.99,13.99,14.49,14.99,-3.450655624568666,7.147962830593281,7,0.0,Within observed peer range,Low signal
Target_Target-MN_2025-09-08_13:00 EST_11,3-B,Target,Target-MN,11,"CLIF Bar Chocolate Chip Energy Bars, 10 Energy Bars, 10 x 2.4 oz.",13.99,13.99,14.49,14.99,-3.450655624568666,7.147962830593281,7,0.0,Within observed peer range,Low signal
Target_Target-MN_2025-09-08_13:00 EST_11,3-C,Target,Target-MN,11,"CLIF Bar Chocolate Chip Energy Bars, 10 Energy Bars, 10 x 2.4 oz.",14.49,13.99,14.49,14.99,0.0,7.147962830593281,7,0.0,Within observed peer range,Low signal
Target_Target-MN_2025-09-08_13:00 EST_11,3-D,Target,Target-MN,11,"CLIF Bar Chocolate Chip Energy Bars, 10 Energy Bars, 10 x 2.4 oz.",14.49,13.99,14.49,14.99,0.0,7.147962830593281,7,0.0,Within observed peer range,Low signal
Target_Target-MN_2025-09-08_13:00 EST_11,3-E,Target,Target-MN,11,"CLIF Bar Chocolate Chip Energy Bars, 10 Energy Bars, 10 x 2.4 oz.",14.99,13.99,14.49,14.99,3.450655624568677,7.147962830593281,7,13.802622498274708,Slightly above peers,Low signal
Target_Target-MN_2025-09-08_13:00 EST_11,3-F,Target,Target-MN,11,"CLIF Bar Chocolate Chip Energy Bars, 10 Energy Bars, 10 x 2.4 oz.",14.99,13.99,14.49,14.99,3.450655624568677,7.147962830593281,7,13.802622498274708,Slightly above peers,Low signal
Target_Target-MN_2025-09-08_13:00 EST_11,3-G,Target,Target-MN,11,"CLIF Bar Chocolate Chip Energy Bars, 10 Energy Bars, 10 x 2.4 oz.",14.99,13.99,14.49,14.99,3.450655624568677,7.147962830593281,7,13.802622498274708,Slightly above peers,Low signal
Target_Target-MN_2025-09-08_13:00 EST_12,3-A,Target,Target-MN,12,"KIND Dark Chocolate Nuts & Sea Salt, 6 bars, 6 x 8 oz.",8.99,8.99,8.99,9.59,0.0,6.674082313681865,7,0.0,Within observed peer range,Low signal
Target_Target-MN_2025-09-08_13:00 EST_12,3-B,Target,Target-MN,12,"KIND Dark Chocolate Nuts & Sea Salt, 6 bars, 6 x 8 oz.",8.99,8.99,8.99,9.59,0.0,6.674082313681865,7,0.0,Within observed peer range,Low signal
Target_Target-MN_2025-09-08_13:00 EST_12,3-C,Target,Target-MN,12,"KIND Dark Chocolate Nuts & Sea Salt, 6 bars, 6 x 8 oz.",8.99,8.99,8.99,9.59,0.0,6.674082313681865,7,0.0,Within observed peer range,Low signal
Target_Target-MN_2025-09-08_13:00 EST_12,3-D,Target,Target-MN,12,"KIND Dark Chocolate Nuts & Sea Salt, 6 bars, 6 x 8 oz.",8.99,8.99,8.99,9.59,0.0,6.674082313681865,7,0.0,Within observed peer range,Low signal
Target_Target-MN_2025-09-08_13:00 EST_12,3-E,Target,Target-MN,12,"KIND Dark Chocolate Nuts & Sea Salt, 6 bars, 6 x 8 oz.",8.99,8.99,8.99,9.59,0.0,6.674082313681865,7,0.0,Within observed peer range,Low signal
Target_Target-MN_2025-09-08_13:00 EST_12,3-F,Target,Target-MN,12,"KIND Dark Chocolate Nuts & Sea Salt, 6 bars, 6 x 8 oz.",8.99,8.99,8.99,9.59,0.0,6.674082313681865,7,0.0,Within observed peer range,Low signal
Target_Target-MN_2025-09-08_13:00 EST_12,3-G,Target,Target-MN,12,"KIND Dark Chocolate Nuts & Sea Salt, 6 bars, 6 x 8 oz.",9.59,8.99,8.99,9.59,6.674082313681873,6.674082313681865,7,26.69632925472749,Noticeably above peers,Moderate signal
Target_Target-MN_2025-09-08_13:00 EST_13,3-A,Target,Target-MN,13,"Heinz Tomato Ketchup, 20 oz.",3.99,3.69,3.99,3.99,0.0,8.130081300813014,7,0.0,Within observed peer range,Low signal
Target_Target-MN_2025-09-08_13:00 EST_13,3-B,Target,Target-MN,13,"Heinz Tomato Ketchup, 20 oz.",3.99,3.69,3.99,3.99,0.0,8.130081300813014,7,0.0,Within observed peer range,Low signal
Target_Target-MN_2025-09-08_13:00 EST_13,3-C,Target,Target-MN,13,"Heinz Tomato Ketchup, 20 oz.",3.99,3.69,3.99,3.99,0.0,8.130081300813014,7,0.0,Within observed peer range,Low signal
Target_Target-MN_2025-09-08_13:00 EST_13,3-D,Target,Target-MN,13,"Heinz Tomato Ketchup, 20 oz.",3.99,3.69,3.99,3.99,0.0,8.130081300813014,7,0.0,Within observed peer range,Low signal
Target_Target-MN_2025-09-08_13:00 EST_13,3-E,Target,Target-MN,13,"Heinz Tomato Ketchup, 20 oz.",3.69,3.69,3.99,3.99,-7.518796992481214,8.130081300813014,7,0.0,Within observed peer range,Low signal
Target_Target-MN_2025-09-08_13:00 EST_13,3-F,Target,Target-MN,13,"Heinz Tomato Ketchup, 20 oz.",3.69,3.69,3.99,3.99,-7.518796992481214,8.130081300813014,7,0.0,Within observed peer range,Low signal
Target_Target-MN_2025-09-08_13:00 EST_13,3-G,Target,Target-MN,13,"Heinz Tomato Ketchup, 20 oz.",3.99,3.69,3.99,3.99,0.0,8.130081300813014,7,0.0,Within observed peer range,Low signal
Target_Target-MN_2025-09-08_13:00 EST_14,3-A,Target,Target-MN,14,"Skippy Creamy Peanut Butter, 16 oz.",3.79,3.79,3.79,3.99,0.0,5.277044854881271,7,0.0,Within observed peer range,Low signal
Target_Target-MN_2025-09-08_13:00 EST_14,3-B,Target,Target-MN,14,"Skippy Creamy Peanut Butter, 16 oz.",3.79,3.79,3.79,3.99,0.0,5.277044854881271,7,0.0,Within observed peer range,Low signal
Target_Target-MN_2025-09-08_13:00 EST_14,3-C,Target,Target-MN,14,"Skippy Creamy Peanut Butter, 16 oz.",3.79,3.79,3.79,3.99,0.0,5.277044854881271,7,0.0,Within observed peer range,Low signal
Target_Target-MN_2025-09-08_13:00 EST_14,3-D,Target,Target-MN,14,"Skippy Creamy Peanut Butter, 16 oz.",3.79,3.79,3.79,3.99,0.0,5.277044854881271,7,0.0,Within observed peer range,Low signal
Target_Target-MN_2025-09-08_13:00 EST_14,3-E,Target,Target-MN,14,"Skippy Creamy Peanut Butter, 16 oz.",3.99,3.79,3.79,3.99,5.277044854881274,5.277044854881271,7,21.108179419525097,Noticeably above peers,Moderate signal
Target_Target-MN_2025-09-08_13:00 EST_14,3-F,Target,Target-MN,14,"Skippy Creamy Peanut Butter, 16 oz.",3.99,3.79,3.79,3.99,5.277044854881274,5.277044854881271,7,21.108179419525097,Noticeably above peers,Moderate signal
Target_Target-MN_2025-09-08_13:00 EST_14,3-G,Target,Target-MN,14,"Skippy Creamy Peanut Butter, 16 oz.",3.99,3.79,3.79,3.99,5.277044854881274,5.277044854881271,7,21.108179419525097,Noticeably above peers,Moderate signal
Target_Target-MN_2025-09-08_13:00 EST_15,3-A,Target,Target-MN,15,"Quaker 1-Minute Oats, 42 oz.",5.99,5.99,5.99,6.69,0.0,11.686143572621036,7,0.0,Within observed peer range,Low signal
Target_Target-MN_2025-09-08_13:00 EST_15,3-B,Target,Target-MN,15,"Quaker 1-Minute Oats, 42 oz.",5.99,5.99,5.99,6.69,0.0,11.686143572621036,7,0.0,Within observed peer range,Low signal
Target_Target-MN_2025-09-08_13:00 EST_15,3-C,Target,Target-MN,15,"Quaker 1-Minute Oats, 42 oz.",5.99,5.99,5.99,6.69,0.0,11.686143572621036,7,0.0,Within observed peer range,Low signal
Target_Target-MN_2025-09-08_13:00 EST_15,3-D,Target,Target-MN,15,"Quaker 1-Minute Oats, 42 oz.",5.99,5.99,5.99,6.69,0.0,11.686143572621036,7,0.0,Within observed peer range,Low signal
Target_Target-MN_2025-09-08_13:00 EST_15,3-E,Target,Target-MN,15,"Quaker 1-Minute Oats, 42 oz.",6.69,5.99,5.99,6.69,11.686143572621033,11.686143572621036,7,46.74457429048413,Substantially above peers,High signal
Target_Target-MN_2025-09-08_13:00 EST_15,3-F,Target,Target-MN,15,"Quaker 1-Minute Oats, 42 oz.",6.69,5.99,5.99,6.69,11.686143572621033,11.686143572621036,7,46.74457429048413,Substantially above peers,High signal
Target_Target-MN_2025-09-08_13:00 EST_15,3-G,Target,Target-MN,15,"Quaker 1-Minute Oats, 42 oz.",6.59,5.99,5.99,6.69,10.016694490818034,11.686143572621036,7,40.06677796327214,Substantially above peers,High signal
Target_Target-MN_2025-09-08_13:00 EST_16,3-A,Target,Target-MN,16,"Good & Gather Quick Oats, 42 oz.",4.99,4.99,4.99,4.99,0.0,0.0,7,0.0,Within observed peer range,Low signal
Target_Target-MN_2025-09-08_13:00 EST_16,3-B,Target,Target-MN,16,"Good & Gather Quick Oats, 42 oz.",4.99,4.99,4.99,4.99,0.0,0.0,7,0.0,Within observed peer range,Low signal
Target_Target-MN_2025-09-08_13:00 EST_16,3-C,Target,Target-MN,16,"Good & Gather Quick Oats, 42 oz.",4.99,4.99,4.99,4.99,0.0,0.0,7,0.0,Within observed peer range,Low signal
Target_Target-MN_2025-09-08_13:00 EST_16,3-D,Target,Target-MN,16,"Good & Gather Quick Oats, 42 oz.",4.99,4.99,4.99,4.99,0.0,0.0,7,0.0,Within observed peer range,Low signal
Target_Target-MN_2025-09-08_13:00 EST_16,3-E,Target,Target-MN,16,"Good & Gather Quick Oats, 42 oz.",4.99,4.99,4.99,4.99,0.0,0.0,7,0.0,Within observed peer range,Low signal
Target_Target-MN_2025-09-08_13:00 EST_16,3-F,Target,Target-MN,16,"Good & Gather Quick Oats, 42 oz.",4.99,4.99,4.99,4.99,0.0,0.0,7,0.0,Within observed peer range,Low signal
Target_Target-MN_2025-09-08_13:00 EST_16,3-G,Target,Target-MN,16,"Good & Gather Quick Oats, 42 oz.",4.99,4.99,4.99,4.99,0.0,0.0,7,0.0,Within observed peer range,Low signal
Target_Target-MN_2025-09-08_13:00 EST_17,3-A,Target,Target-MN,17,"Barilla Penne, Non-GMO Pasta Made with Durum Wheat, 16 oz.",1.99,1.69,1.99,1.99,0.0,17.751479289940832,7,0.0,Within observed peer range,Low signal
Target_Target-MN_2025-09-08_13:00 EST_17,3-B,Target,Target-MN,17,"Barilla Penne, Non-GMO Pasta Made with Durum Wheat, 16 oz.",1.99,1.69,1.99,1.99,0.0,17.751479289940832,7,0.0,Within observed peer range,Low signal
Target_Target-MN_2025-09-08_13:00 EST_17,3-C,Target,Target-MN,17,"Barilla Penne, Non-GMO Pasta Made with Durum Wheat, 16 oz.",1.99,1.69,1.99,1.99,0.0,17.751479289940832,7,0.0,Within observed peer range,Low signal
Target_Target-MN_2025-09-08_13:00 EST_17,3-D,Target,Target-MN,17,"Barilla Penne, Non-GMO Pasta Made with Durum Wheat, 16 oz.",1.99,1.69,1.99,1.99,0.0,17.751479289940832,7,0.0,Within observed peer range,Low signal
Target_Target-MN_2025-09-08_13:00 EST_17,3-E,Target,Target-MN,17,"Barilla Penne, Non-GMO Pasta Made with Durum Wheat, 16 oz.",1.69,1.69,1.99,1.99,-15.07537688442211,17.751479289940832,7,0.0,Within observed peer range,Low signal
Target_Target-MN_2025-09-08_13:00 EST_17,3-F,Target,Target-MN,17,"Barilla Penne, Non-GMO Pasta Made with Durum Wheat, 16 oz.",1.69,1.69,1.99,1.99,-15.07537688442211,17.751479289940832,7,0.0,Within observed peer range,Low signal
Target_Target-MN_2025-09-08_13:00 EST_17,3-G,Target,Target-MN,17,"Barilla Penne, Non-GMO Pasta Made with Durum Wheat, 16 oz.",1.99,1.69,1.99,1.99,0.0,17.751479289940832,7,0.0,Within observed peer range,Low signal
Target_Target-MN_2025-09-08_13:00 EST_18,3-A,Target,Target-MN,18,"Good & Gather Enriched Macaroni Product, Farfalle, 16 oz.",1.39,1.19,1.39,1.43,0.0,20.168067226890756,7,0.0,Within observed peer range,Low signal
Target_Target-MN_2025-09-08_13:00 EST_18,3-B,Target,Target-MN,18,"Good & Gather Enriched Macaroni Product, Farfalle, 16 oz.",1.39,1.19,1.39,1.43,0.0,20.168067226890756,7,0.0,Within observed peer range,Low signal
Target_Target-MN_2025-09-08_13:00 EST_18,3-C,Target,Target-MN,18,"Good & Gather Enriched Macaroni Product, Farfalle, 16 oz.",1.39,1.19,1.39,1.43,0.0,20.168067226890756,7,0.0,Within observed peer range,Low signal
Target_Target-MN_2025-09-08_13:00 EST_18,3-D,Target,Target-MN,18,"Good & Gather Enriched Macaroni Product, Farfalle, 16 oz.",1.39,1.19,1.39,1.43,0.0,20.168067226890756,7,0.0,Within observed peer range,Low signal
Target_Target-MN_2025-09-08_13:00 EST_18,3-E,Target,Target-MN,18,"Good & Gather Enriched Macaroni Product, Farfalle, 16 oz.",1.19,1.19,1.39,1.43,-14.388489208633093,20.168067226890756,7,0.0,Within observed peer range,Low signal
Target_Target-MN_2025-09-08_13:00 EST_18,3-F,Target,Target-MN,18,"Good & Gather Enriched Macaroni Product, Farfalle, 16 oz.",1.19,1.19,1.39,1.43,-14.388489208633093,20.168067226890756,7,0.0,Within observed peer range,Low signal
Target_Target-MN_2025-09-08_13:00 EST_18,3-G,Target,Target-MN,18,"Good & Gather Enriched Macaroni Product, Farfalle, 16 oz.",1.43,1.19,1.39,1.43,2.877697841726623,20.168067226890756,7,11.510791366906492,Slightly above peers,Low signal
Target_Target-MN_2025-09-08_13:00 EST_19,3-A,Target,Target-MN,19,"Mission Super Soft Taco Flour Tortillas, 10 ct.",2.99,2.99,2.99,2.99,0.0,0.0,7,0.0,Within observed peer range,Low signal
Target_Target-MN_2025-09-08_13:00 EST_19,3-B,Target,Target-MN,19,"Mission Super Soft Taco Flour Tortillas, 10 ct.",2.99,2.99,2.99,2.99,0.0,0.0,7,0.0,Within observed peer range,Low signal
Target_Target-MN_2025-09-08_13:00 EST_19,3-C,Target,Target-MN,19,"Mission Super Soft Taco Flour Tortillas, 10 ct.",2.99,2.99,2.99,2.99,0.0,0.0,7,0.0,Within observed peer range,Low signal
Target_Target-MN_2025-09-08_13:00 EST_19,3-D,Target,Target-MN,19,"Mission Super Soft Taco Flour Tortillas, 10 ct.",2.99,2.99,2.99,2.99,0.0,0.0,7,0.0,Within observed peer range,Low signal
Target_Target-MN_2025-09-08_13:00 EST_19,3-E,Target,Target-MN,19,"Mission Super Soft Taco Flour Tortillas, 10 ct.",2.99,2.99,2.99,2.99,0.0,0.0,7,0.0,Within observed peer range,Low signal
Target_Target-MN_2025-09-08_13:00 EST_19,3-F,Target,Target-MN,19,"Mission Super Soft Taco Flour Tortillas, 10 ct.",2.99,2.99,2.99,2.99,0.0,0.0,7,0.0,Within observed peer range,Low signal
Target_Target-MN_2025-09-08_13:00 EST_19,3-G,Target,Target-MN,19,"Mission Super Soft Taco Flour Tortillas, 10 ct.",2.99,2.99,2.99,2.99,0.0,0.0,7,0.0,Within observed peer range,Low signal
Target_Target-MN_2025-09-08_13:00 EST_2,3-A,Target,Target-MN,2,"Good & Gather Baby-Cut Carrots, 16 oz.",1.69,1.69,1.79,1.99,-5.586592178770955,17.751479289940832,7,0.0,Within observed peer range,Low signal
Target_Target-MN_2025-09-08_13:00 EST_2,3-B,Target,Target-MN,2,"Good & Gather Baby-Cut Carrots, 16 oz.",1.99,1.69,1.79,1.99,11.173184357541889,17.751479289940832,7,44.692737430167554,Substantially above peers,High signal
Target_Target-MN_2025-09-08_13:00 EST_2,3-C,Target,Target-MN,2,"Good & Gather Baby-Cut Carrots, 16 oz.",1.69,1.69,1.79,1.99,-5.586592178770955,17.751479289940832,7,0.0,Within observed peer range,Low signal
Target_Target-MN_2025-09-08_13:00 EST_2,3-D,Target,Target-MN,2,"Good & Gather Baby-Cut Carrots, 16 oz.",1.99,1.69,1.79,1.99,11.173184357541889,17.751479289940832,7,44.692737430167554,Substantially above peers,High signal
Target_Target-MN_2025-09-08_13:00 EST_2,3-E,Target,Target-MN,2,"Good & Gather Baby-Cut Carrots, 16 oz.",1.69,1.69,1.79,1.99,-5.586592178770955,17.751479289940832,7,0.0,Within observed peer range,Low signal
Target_Target-MN_2025-09-08_13:00 EST_2,3-F,Target,Target-MN,2,"Good & Gather Baby-Cut Carrots, 16 oz.",1.99,1.69,1.79,1.99,11.173184357541889,17.751479289940832,7,44.692737430167554,Substantially above peers,High signal
Target_Target-MN_2025-09-08_13:00 EST_2,3-G,Target,Target-MN,2,"Good & Gather Baby-Cut Carrots, 16 oz.",1.79,1.69,1.79,1.99,0.0,17.751479289940832,7,0.0,Within observed peer range,Low signal
Target_Target-MN_2025-09-08_13:00 EST_20,3-A,Target,Target-MN,20,"Oscar Mayer Deli Fresh Honey Smoked Turkey Breast Sliced Sandwich Lunch Meat, 9 oz.",4.99,4.99,4.99,5.79,0.0,16.03206412825651,7,0.0,Within observed peer range,Low signal
Target_Target-MN_2025-09-08_13:00 EST_20,3-B,Target,Target-MN,20,"Oscar Mayer Deli Fresh Honey Smoked Turkey Breast Sliced Sandwich Lunch Meat, 9 oz.",4.99,4.99,4.99,5.79,0.0,16.03206412825651,7,0.0,Within observed peer range,Low signal
Target_Target-MN_2025-09-08_13:00 EST_20,3-C,Target,Target-MN,20,"Oscar Mayer Deli Fresh Honey Smoked Turkey Breast Sliced Sandwich Lunch Meat, 9 oz.",4.99,4.99,4.99,5.79,0.0,16.03206412825651,7,0.0,Within observed peer range,Low signal
Target_Target-MN_2025-09-08_13:00 EST_20,3-D,Target,Target-MN,20,"Oscar Mayer Deli Fresh Honey Smoked Turkey Breast Sliced Sandwich Lunch Meat, 9 oz.",4.99,4.99,4.99,5.79,0.0,16.03206412825651,7,0.0,Within observed peer range,Low signal
Target_Target-MN_2025-09-08_13:00 EST_20,3-E,Target,Target-MN,20,"Oscar Mayer Deli Fresh Honey Smoked Turkey Breast Sliced Sandwich Lunch Meat, 9 oz.",5.59,4.99,4.99,5.79,12.024048096192374,16.03206412825651,7,48.096192384769495,Substantially above peers,High signal
Target_Target-MN_2025-09-08_13:00 EST_20,3-F,Target,Target-MN,20,"Oscar Mayer Deli Fresh Honey Smoked Turkey Breast Sliced Sandwich Lunch Meat, 9 oz.",5.59,4.99,4.99,5.79,12.024048096192374,16.03206412825651,7,48.096192384769495,Substantially above peers,High signal
Target_Target-MN_2025-09-08_13:00 EST_20,3-G,Target,Target-MN,20,"Oscar Mayer Deli Fresh Honey Smoked Turkey Breast Sliced Sandwich Lunch Meat, 9 oz.",5.79,4.99,4.99,5.79,16.032064128256508,16.03206412825651,7,64.12825651302603,Substantially above peers,High signal
Target_Target-MN_2025-09-08_13:00 EST_5,3-A,Target,Target-MN,5,"Ruffles Original Potato Chips, Party Size, 13 oz.",7.69,7.59,7.69,7.99,0.0,5.27009222661397,7,0.0,Within observed peer range,Low signal
Target_Target-MN_2025-09-08_13:00 EST_5,3-B,Target,Target-MN,5,"Ruffles Original Potato Chips, Party Size, 13 oz.",7.69,7.59,7.69,7.99,0.0,5.27009222661397,7,0.0,Within observed peer range,Low signal
Target_Target-MN_2025-09-08_13:00 EST_5,3-C,Target,Target-MN,5,"Ruffles Original Potato Chips, Party Size, 13 oz.",7.59,7.59,7.69,7.99,-1.3003901170351218,5.27009222661397,7,0.0,Within observed peer range,Low signal
Target_Target-MN_2025-09-08_13:00 EST_5,3-D,Target,Target-MN,5,"Ruffles Original Potato Chips, Party Size, 13 oz.",7.59,7.59,7.69,7.99,-1.3003901170351218,5.27009222661397,7,0.0,Within observed peer range,Low signal
Target_Target-MN_2025-09-08_13:00 EST_5,3-E,Target,Target-MN,5,"Ruffles Original Potato Chips, Party Size, 13 oz.",7.99,7.59,7.69,7.99,3.901170351105332,5.27009222661397,7,15.604681404421328,Slightly above peers,Low signal
Target_Target-MN_2025-09-08_13:00 EST_5,3-F,Target,Target-MN,5,"Ruffles Original Potato Chips, Party Size, 13 oz.",7.99,7.59,7.69,7.99,3.901170351105332,5.27009222661397,7,15.604681404421328,Slightly above peers,Low signal
Target_Target-MN_2025-09-08_13:00 EST_5,3-G,Target,Target-MN,5,"Ruffles Original Potato Chips, Party Size, 13 oz.",7.99,7.59,7.69,7.99,3.901170351105332,5.27009222661397,7,15.604681404421328,Slightly above peers,Low signal
Target_Target-MN_2025-09-08_13:00 EST_6,3-A,Target,Target-MN,6,"Wheat Thins Original Snacks, Whole Grain Wheat Crackers, 8.5 oz.",3.99,3.99,3.99,4.59,0.0,15.037593984962397,7,0.0,Within observed peer range,Low signal
Target_Target-MN_2025-09-08_13:00 EST_6,3-B,Target,Target-MN,6,"Wheat Thins Original Snacks, Whole Grain Wheat Crackers, 8.5 oz.",3.99,3.99,3.99,4.59,0.0,15.037593984962397,7,0.0,Within observed peer range,Low signal
Target_Target-MN_2025-09-08_13:00 EST_6,3-C,Target,Target-MN,6,"Wheat Thins Original Snacks, Whole Grain Wheat Crackers, 8.5 oz.",3.99,3.99,3.99,4.59,0.0,15.037593984962397,7,0.0,Within observed peer range,Low signal
Target_Target-MN_2025-09-08_13:00 EST_6,3-D,Target,Target-MN,6,"Wheat Thins Original Snacks, Whole Grain Wheat Crackers, 8.5 oz.",3.99,3.99,3.99,4.59,0.0,15.037593984962397,7,0.0,Within observed peer range,Low signal
Target_Target-MN_2025-09-08_13:00 EST_6,3-E,Target,Target-MN,6,"Wheat Thins Original Snacks, Whole Grain Wheat Crackers, 8.5 oz.",3.99,3.99,3.99,4.59,0.0,15.037593984962397,7,0.0,Within observed peer range,Low signal
Target_Target-MN_2025-09-08_13:00 EST_6,3-F,Target,Target-MN,6,"Wheat Thins Original Snacks, Whole Grain Wheat Crackers, 8.5 oz.",3.99,3.99,3.99,4.59,0.0,15.037593984962397,7,0.0,Within observed peer range,Low signal
Target_Target-MN_2025-09-08_13:00 EST_6,3-G,Target,Target-MN,6,"Wheat Thins Original Snacks, Whole Grain Wheat Crackers, 8.5 oz.",4.59,3.99,3.99,4.59,15.037593984962406,15.037593984962397,7,60.150375939849624,Substantially above peers,High signal
Target_Target-MN_2025-09-08_13:00 EST_7,3-A,Target,Target-MN,7,"Premium Original Saltine Crackers, Lunch Snacks, 16 oz.",3.99,3.99,3.99,4.59,0.0,15.037593984962397,7,0.0,Within observed peer range,Low signal
Target_Target-MN_2025-09-08_13:00 EST_7,3-B,Target,Target-MN,7,"Premium Original Saltine Crackers, Lunch Snacks, 16 oz.",3.99,3.99,3.99,4.59,0.0,15.037593984962397,7,0.0,Within observed peer range,Low signal
Target_Target-MN_2025-09-08_13:00 EST_7,3-C,Target,Target-MN,7,"Premium Original Saltine Crackers, Lunch Snacks, 16 oz.",3.99,3.99,3.99,4.59,0.0,15.037593984962397,7,0.0,Within observed peer range,Low signal
Target_Target-MN_2025-09-08_13:00 EST_7,3-D,Target,Target-MN,7,"Premium Original Saltine Crackers, Lunch Snacks, 16 oz.",3.99,3.99,3.99,4.59,0.0,15.037593984962397,7,0.0,Within observed peer range,Low signal
Target_Target-MN_2025-09-08_13:00 EST_7,3-E,Target,Target-MN,7,"Premium Original Saltine Crackers, Lunch Snacks, 16 oz.",3.99,3.99,3.99,4.59,0.0,15.037593984962397,7,0.0,Within observed peer range,Low signal
Target_Target-MN_2025-09-08_13:00 EST_7,3-F,Target,Target-MN,7,"Premium Original Saltine Crackers, Lunch Snacks, 16 oz.",3.99,3.99,3.99,4.59,0.0,15.037593984962397,7,0.0,Within observed peer range,Low signal
Target_Target-MN_2025-09-08_13:00 EST_7,3-G,Target,Target-MN,7,"Premium Original Saltine Crackers, Lunch Snacks, 16 oz.",4.59,3.99,3.99,4.59,15.037593984962406,15.037593984962397,7,60.150375939849624,Substantially above peers,High signal
Target_Target-MN_2025-09-08_13:00 EST_8,3-A,Target,Target-MN,8,"Market Pantry Crackers, Saltine, 16 oz.",1.99,1.99,1.99,1.99,0.0,0.0,7,0.0,Within observed peer range,Low signal
Target_Target-MN_2025-09-08_13:00 EST_8,3-B,Target,Target-MN,8,"Market Pantry Crackers, Saltine, 16 oz.",1.99,1.99,1.99,1.99,0.0,0.0,7,0.0,Within observed peer range,Low signal
Target_Target-MN_2025-09-08_13:00 EST_8,3-C,Target,Target-MN,8,"Market Pantry Crackers, Saltine, 16 oz.",1.99,1.99,1.99,1.99,0.0,0.0,7,0.0,Within observed peer range,Low signal
Target_Target-MN_2025-09-08_13:00 EST_8,3-D,Target,Target-MN,8,"Market Pantry Crackers, Saltine, 16 oz.",1.99,1.99,1.99,1.99,0.0,0.0,7,0.0,Within observed peer range,Low signal
Target_Target-MN_2025-09-08_13:00 EST_8,3-E,Target,Target-MN,8,"Market Pantry Crackers, Saltine, 16 oz.",1.99,1.99,1.99,1.99,0.0,0.0,7,0.0,Within observed peer range,Low signal
Target_Target-MN_2025-09-08_13:00 EST_8,3-F,Target,Target-MN,8,"Market Pantry Crackers, Saltine, 16 oz.",1.99,1.99,1.99,1.99,0.0,0.0,7,0.0,Within observed peer range,Low signal
Target_Target-MN_2025-09-08_13:00 EST_8,3-G,Target,Target-MN,8,"Market Pantry Crackers, Saltine, 16 oz.",1.99,1.99,1.99,1.99,0.0,0.0,7,0.0,Within observed peer range,Low signal
Target_Target-MN_2025-09-08_13:00 EST_9,3-A,Target,Target-MN,9,"General Mills Cheerios, 8.09 oz.",3.99,3.99,3.99,4.59,0.0,15.037593984962397,7,0.0,Within observed peer range,Low signal
Target_Target-MN_2025-09-08_13:00 EST_9,3-B,Target,Target-MN,9,"General Mills Cheerios, 8.09 oz.",3.99,3.99,3.99,4.59,0.0,15.037593984962397,7,0.0,Within observed peer range,Low signal
Target_Target-MN_2025-09-08_13:00 EST_9,3-C,Target,Target-MN,9,"General Mills Cheerios, 8.09 oz.",3.99,3.99,3.99,4.59,0.0,15.037593984962397,7,0.0,Within observed peer range,Low signal
Target_Target-MN_2025-09-08_13:00 EST_9,3-D,Target,Target-MN,9,"General Mills Cheerios, 8.09 oz.",3.99,3.99,3.99,4.59,0.0,15.037593984962397,7,0.0,Within observed peer range,Low signal
Target_Target-MN_2025-09-08_13:00 EST_9,3-E,Target,Target-MN,9,"General Mills Cheerios, 8.09 oz.",4.59,3.99,3.99,4.59,15.037593984962406,15.037593984962397,7,60.150375939849624,Substantially above peers,High signal
Target_Target-MN_2025-09-08_13:00 EST_9,3-F,Target,Target-MN,9,"General Mills Cheerios, 8.09 oz.",4.59,3.99,3.99,4.59,15.037593984962406,15.037593984962397,7,60.150375939849624,Substantially above peers,High signal
Target_Target-MN_2025-09-08_13:00 EST_9,3-G,Target,Target-MN,9,"General Mills Cheerios, 8.09 oz.",4.59,3.99,3.99,4.59,15.037593984962406,15.037593984962397,7,60.150375939849624,Substantially above peers,High signal
Target_Target-OH_2025-09-09_16:00 EST_1,4-A,Target,Target-OH,1,Honeycrisp apples (1 apple),1.81,1.79,1.8,1.91,0.5555555555555536,6.703910614525133,4,2.2222222222222143,Within observed peer range,Low signal
Target_Target-OH_2025-09-09_16:00 EST_1,4-B,Target,Target-OH,1,Honeycrisp apples (1 apple),1.79,1.79,1.8,1.91,-0.5555555555555536,6.703910614525133,4,0.0,Within observed peer range,Low signal
Target_Target-OH_2025-09-09_16:00 EST_1,4-C,Target,Target-OH,1,Honeycrisp apples (1 apple),1.79,1.79,1.8,1.91,-0.5555555555555536,6.703910614525133,4,0.0,Within observed peer range,Low signal
Target_Target-OH_2025-09-09_16:00 EST_1,4-D,Target,Target-OH,1,Honeycrisp apples (1 apple),1.91,1.79,1.8,1.91,6.111111111111112,6.703910614525133,4,24.444444444444446,Noticeably above peers,Moderate signal
Target_Target-OH_2025-09-09_16:00 EST_10,4-A,Target,Target-OH,10,"Market Pantry Eggs, Large 12 ct.",2.99,2.99,2.99,2.99,0.0,0.0,4,0.0,Within observed peer range,Low signal
Target_Target-OH_2025-09-09_16:00 EST_10,4-B,Target,Target-OH,10,"Market Pantry Eggs, Large 12 ct.",2.99,2.99,2.99,2.99,0.0,0.0,4,0.0,Within observed peer range,Low signal
Target_Target-OH_2025-09-09_16:00 EST_10,4-C,Target,Target-OH,10,"Market Pantry Eggs, Large 12 ct.",2.99,2.99,2.99,2.99,0.0,0.0,4,0.0,Within observed peer range,Low signal
Target_Target-OH_2025-09-09_16:00 EST_10,4-D,Target,Target-OH,10,"Market Pantry Eggs, Large 12 ct.",2.99,2.99,2.99,2.99,0.0,0.0,4,0.0,Within observed peer range,Low signal
Target_Target-OH_2025-09-09_16:00 EST_11,4-A,Target,Target-OH,11,"CLIF Bar Chocolate Chip Energy Bars, 10 Energy Bars, 10 x 2.4 oz.",13.99,13.99,14.74,14.99,-5.0881953867028535,7.147962830593281,4,0.0,Within observed peer range,Low signal
Target_Target-OH_2025-09-09_16:00 EST_11,4-B,Target,Target-OH,11,"CLIF Bar Chocolate Chip Energy Bars, 10 Energy Bars, 10 x 2.4 oz.",14.49,13.99,14.74,14.99,-1.6960651289009476,7.147962830593281,4,0.0,Within observed peer range,Low signal
Target_Target-OH_2025-09-09_16:00 EST_11,4-C,Target,Target-OH,11,"CLIF Bar Chocolate Chip Energy Bars, 10 Energy Bars, 10 x 2.4 oz.",14.99,13.99,14.74,14.99,1.6960651289009476,7.147962830593281,4,6.7842605156037905,Within observed peer range,Low signal
Target_Target-OH_2025-09-09_16:00 EST_11,4-D,Target,Target-OH,11,"CLIF Bar Chocolate Chip Energy Bars, 10 Energy Bars, 10 x 2.4 oz.",14.99,13.99,14.74,14.99,1.6960651289009476,7.147962830593281,4,6.7842605156037905,Within observed peer range,Low signal
Target_Target-OH_2025-09-09_16:00 EST_12,4-A,Target,Target-OH,12,"KIND Dark Chocolate Nuts & Sea Salt, 6 bars, 6 x 8 oz.",8.99,8.99,8.99,9.59,0.0,6.674082313681865,4,0.0,Within observed peer range,Low signal
Target_Target-OH_2025-09-09_16:00 EST_12,4-B,Target,Target-OH,12,"KIND Dark Chocolate Nuts & Sea Salt, 6 bars, 6 x 8 oz.",8.99,8.99,8.99,9.59,0.0,6.674082313681865,4,0.0,Within observed peer range,Low signal
Target_Target-OH_2025-09-09_16:00 EST_12,4-C,Target,Target-OH,12,"KIND Dark Chocolate Nuts & Sea Salt, 6 bars, 6 x 8 oz.",8.99,8.99,8.99,9.59,0.0,6.674082313681865,4,0.0,Within observed peer range,Low signal
Target_Target-OH_2025-09-09_16:00 EST_12,4-D,Target,Target-OH,12,"KIND Dark Chocolate Nuts & Sea Salt, 6 bars, 6 x 8 oz.",9.59,8.99,8.99,9.59,6.674082313681873,6.674082313681865,4,26.69632925472749,Noticeably above peers,Moderate signal
Target_Target-OH_2025-09-09_16:00 EST_13,4-A,Target,Target-OH,13,"Heinz Tomato Ketchup, 20 oz.",3.99,3.69,3.99,3.99,0.0,8.130081300813014,4,0.0,Within observed peer range,Low signal
Target_Target-OH_2025-09-09_16:00 EST_13,4-B,Target,Target-OH,13,"Heinz Tomato Ketchup, 20 oz.",3.99,3.69,3.99,3.99,0.0,8.130081300813014,4,0.0,Within observed peer range,Low signal
Target_Target-OH_2025-09-09_16:00 EST_13,4-C,Target,Target-OH,13,"Heinz Tomato Ketchup, 20 oz.",3.69,3.69,3.99,3.99,-7.518796992481214,8.130081300813014,4,0.0,Within observed peer range,Low signal
Target_Target-OH_2025-09-09_16:00 EST_13,4-D,Target,Target-OH,13,"Heinz Tomato Ketchup, 20 oz.",3.99,3.69,3.99,3.99,0.0,8.130081300813014,4,0.0,Within observed peer range,Low signal
Target_Target-OH_2025-09-09_16:00 EST_14,4-A,Target,Target-OH,14,"Skippy Creamy Peanut Butter, 16 oz.",2.99,2.99,3.24,3.59,-7.716049382716051,20.06688963210701,4,0.0,Within observed peer range,Low signal
Target_Target-OH_2025-09-09_16:00 EST_14,4-B,Target,Target-OH,14,"Skippy Creamy Peanut Butter, 16 oz.",2.99,2.99,3.24,3.59,-7.716049382716051,20.06688963210701,4,0.0,Within observed peer range,Low signal
Target_Target-OH_2025-09-09_16:00 EST_14,4-C,Target,Target-OH,14,"Skippy Creamy Peanut Butter, 16 oz.",3.49,2.99,3.24,3.59,7.716049382716039,20.06688963210701,4,30.864197530864157,Noticeably above peers,Moderate signal
Target_Target-OH_2025-09-09_16:00 EST_14,4-D,Target,Target-OH,14,"Skippy Creamy Peanut Butter, 16 oz.",3.59,2.99,3.24,3.59,10.80246913580245,20.06688963210701,4,43.2098765432098,Substantially above peers,High signal
Target_Target-OH_2025-09-09_16:00 EST_15,4-A,Target,Target-OH,15,"Quaker 1-Minute Oats, 42 oz.",5.99,5.99,6.29,6.69,-4.76947535771065,11.686143572621036,4,0.0,Within observed peer range,Low signal
Target_Target-OH_2025-09-09_16:00 EST_15,4-B,Target,Target-OH,15,"Quaker 1-Minute Oats, 42 oz.",5.99,5.99,6.29,6.69,-4.76947535771065,11.686143572621036,4,0.0,Within observed peer range,Low signal
Target_Target-OH_2025-09-09_16:00 EST_15,4-C,Target,Target-OH,15,"Quaker 1-Minute Oats, 42 oz.",6.69,5.99,6.29,6.69,6.359300476947549,11.686143572621036,4,25.437201907790197,Noticeably above peers,Moderate signal
Target_Target-OH_2025-09-09_16:00 EST_15,4-D,Target,Target-OH,15,"Quaker 1-Minute Oats, 42 oz.",6.59,5.99,6.29,6.69,4.76947535771064,11.686143572621036,4,19.07790143084256,Slightly above peers,Low signal
Target_Target-OH_2025-09-09_16:00 EST_16,4-A,Target,Target-OH,16,"Good & Gather Quick Oats, 42 oz.",4.99,4.99,4.99,4.99,0.0,0.0,4,0.0,Within observed peer range,Low signal
Target_Target-OH_2025-09-09_16:00 EST_16,4-B,Target,Target-OH,16,"Good & Gather Quick Oats, 42 oz.",4.99,4.99,4.99,4.99,0.0,0.0,4,0.0,Within observed peer range,Low signal
Target_Target-OH_2025-09-09_16:00 EST_16,4-C,Target,Target-OH,16,"Good & Gather Quick Oats, 42 oz.",4.99,4.99,4.99,4.99,0.0,0.0,4,0.0,Within observed peer range,Low signal
Target_Target-OH_2025-09-09_16:00 EST_16,4-D,Target,Target-OH,16,"Good & Gather Quick Oats, 42 oz.",4.99,4.99,4.99,4.99,0.0,0.0,4,0.0,Within observed peer range,Low signal
Target_Target-OH_2025-09-09_16:00 EST_17,4-A,Target,Target-OH,17,"Barilla Penne, Non-GMO Pasta Made with Durum Wheat, 16 oz.",1.99,1.69,1.99,1.99,0.0,17.751479289940832,4,0.0,Within observed peer range,Low signal
Target_Target-OH_2025-09-09_16:00 EST_17,4-B,Target,Target-OH,17,"Barilla Penne, Non-GMO Pasta Made with Durum Wheat, 16 oz.",1.99,1.69,1.99,1.99,0.0,17.751479289940832,4,0.0,Within observed peer range,Low signal
Target_Target-OH_2025-09-09_16:00 EST_17,4-C,Target,Target-OH,17,"Barilla Penne, Non-GMO Pasta Made with Durum Wheat, 16 oz.",1.69,1.69,1.99,1.99,-15.07537688442211,17.751479289940832,4,0.0,Within observed peer range,Low signal
Target_Target-OH_2025-09-09_16:00 EST_17,4-D,Target,Target-OH,17,"Barilla Penne, Non-GMO Pasta Made with Durum Wheat, 16 oz.",1.99,1.69,1.99,1.99,0.0,17.751479289940832,4,0.0,Within observed peer range,Low signal
Target_Target-OH_2025-09-09_16:00 EST_18,4-A,Target,Target-OH,18,"Good & Gather Enriched Macaroni Product, Farfalle, 16 oz.",1.39,1.19,1.39,1.43,0.0,20.168067226890756,4,0.0,Within observed peer range,Low signal
Target_Target-OH_2025-09-09_16:00 EST_18,4-B,Target,Target-OH,18,"Good & Gather Enriched Macaroni Product, Farfalle, 16 oz.",1.39,1.19,1.39,1.43,0.0,20.168067226890756,4,0.0,Within observed peer range,Low signal
Target_Target-OH_2025-09-09_16:00 EST_18,4-C,Target,Target-OH,18,"Good & Gather Enriched Macaroni Product, Farfalle, 16 oz.",1.19,1.19,1.39,1.43,-14.388489208633093,20.168067226890756,4,0.0,Within observed peer range,Low signal
Target_Target-OH_2025-09-09_16:00 EST_18,4-D,Target,Target-OH,18,"Good & Gather Enriched Macaroni Product, Farfalle, 16 oz.",1.43,1.19,1.39,1.43,2.877697841726623,20.168067226890756,4,11.510791366906492,Slightly above peers,Low signal
Target_Target-OH_2025-09-09_16:00 EST_19,4-A,Target,Target-OH,19,"Mission Super Soft Taco Flour Tortillas, 10 ct.",2.99,2.99,2.99,2.99,0.0,0.0,4,0.0,Within observed peer range,Low signal
Target_Target-OH_2025-09-09_16:00 EST_19,4-B,Target,Target-OH,19,"Mission Super Soft Taco Flour Tortillas, 10 ct.",2.99,2.99,2.99,2.99,0.0,0.0,4,0.0,Within observed peer range,Low signal
Target_Target-OH_2025-09-09_16:00 EST_19,4-C,Target,Target-OH,19,"Mission Super Soft Taco Flour Tortillas, 10 ct.",2.99,2.99,2.99,2.99,0.0,0.0,4,0.0,Within observed peer range,Low signal
Target_Target-OH_2025-09-09_16:00 EST_19,4-D,Target,Target-OH,19,"Mission Super Soft Taco Flour Tortillas, 10 ct.",2.99,2.99,2.99,2.99,0.0,0.0,4,0.0,Within observed peer range,Low signal
Target_Target-OH_2025-09-09_16:00 EST_2,4-A,Target,Target-OH,2,"Good & Gather Baby-Cut Carrots, 16 oz.",1.69,1.69,1.69,1.79,0.0,5.917159763313615,4,0.0,Within observed peer range,Low signal
Target_Target-OH_2025-09-09_16:00 EST_2,4-B,Target,Target-OH,2,"Good & Gather Baby-Cut Carrots, 16 oz.",1.69,1.69,1.69,1.79,0.0,5.917159763313615,4,0.0,Within observed peer range,Low signal
Target_Target-OH_2025-09-09_16:00 EST_2,4-C,Target,Target-OH,2,"Good & Gather Baby-Cut Carrots, 16 oz.",1.69,1.69,1.69,1.79,0.0,5.917159763313615,4,0.0,Within observed peer range,Low signal
Target_Target-OH_2025-09-09_16:00 EST_2,4-D,Target,Target-OH,2,"Good & Gather Baby-Cut Carrots, 16 oz.",1.79,1.69,1.69,1.79,5.9171597633136175,5.917159763313615,4,23.66863905325447,Noticeably above peers,Moderate signal
Target_Target-OH_2025-09-09_16:00 EST_20,4-A,Target,Target-OH,20,"Oscar Mayer Deli Fresh Honey Smoked Turkey Breast Sliced Sandwich Lunch Meat, 9 oz.",4.99,4.99,5.29,5.79,-5.671077504725897,16.03206412825651,4,0.0,Within observed peer range,Low signal
Target_Target-OH_2025-09-09_16:00 EST_20,4-B,Target,Target-OH,20,"Oscar Mayer Deli Fresh Honey Smoked Turkey Breast Sliced Sandwich Lunch Meat, 9 oz.",4.99,4.99,5.29,5.79,-5.671077504725897,16.03206412825651,4,0.0,Within observed peer range,Low signal
Target_Target-OH_2025-09-09_16:00 EST_20,4-C,Target,Target-OH,20,"Oscar Mayer Deli Fresh Honey Smoked Turkey Breast Sliced Sandwich Lunch Meat, 9 oz.",5.59,4.99,5.29,5.79,5.6710775047258855,16.03206412825651,4,22.684310018903542,Noticeably above peers,Moderate signal
Target_Target-OH_2025-09-09_16:00 EST_20,4-D,Target,Target-OH,20,"Oscar Mayer Deli Fresh Honey Smoked Turkey Breast Sliced Sandwich Lunch Meat, 9 oz.",5.79,4.99,5.29,5.79,9.451795841209831,16.03206412825651,4,37.807183364839325,Noticeably above peers,Moderate signal
Target_Target-OH_2025-09-09_16:00 EST_4,4-A,Target,Target-OH,4,"Good & Gather Frosty Flakes Cereal, 12 oz.",3.99,3.99,3.99,3.99,0.0,0.0,4,0.0,Within observed peer range,Low signal
Target_Target-OH_2025-09-09_16:00 EST_4,4-B,Target,Target-OH,4,"Good & Gather Frosty Flakes Cereal, 12 oz.",3.99,3.99,3.99,3.99,0.0,0.0,4,0.0,Within observed peer range,Low signal
Target_Target-OH_2025-09-09_16:00 EST_4,4-C,Target,Target-OH,4,"Good & Gather Frosty Flakes Cereal, 12 oz.",3.99,3.99,3.99,3.99,0.0,0.0,4,0.0,Within observed peer range,Low signal
Target_Target-OH_2025-09-09_16:00 EST_4,4-D,Target,Target-OH,4,"Good & Gather Frosty Flakes Cereal, 12 oz.",3.99,3.99,3.99,3.99,0.0,0.0,4,0.0,Within observed peer range,Low signal
Target_Target-OH_2025-09-09_16:00 EST_5,4-A,Target,Target-OH,5,"Ruffles Original Potato Chips, Party Size, 13 oz.",7.69,7.59,7.84,7.99,-1.913265306122447,5.27009222661397,4,0.0,Within observed peer range,Low signal
Target_Target-OH_2025-09-09_16:00 EST_5,4-B,Target,Target-OH,5,"Ruffles Original Potato Chips, Party Size, 13 oz.",7.59,7.59,7.84,7.99,-3.1887755102040782,5.27009222661397,4,0.0,Within observed peer range,Low signal
Target_Target-OH_2025-09-09_16:00 EST_5,4-C,Target,Target-OH,5,"Ruffles Original Potato Chips, Party Size, 13 oz.",7.99,7.59,7.84,7.99,1.913265306122458,5.27009222661397,4,7.653061224489832,Within observed peer range,Low signal
Target_Target-OH_2025-09-09_16:00 EST_5,4-D,Target,Target-OH,5,"Ruffles Original Potato Chips, Party Size, 13 oz.",7.99,7.59,7.84,7.99,1.913265306122458,5.27009222661397,4,7.653061224489832,Within observed peer range,Low signal
Target_Target-OH_2025-09-09_16:00 EST_6,4-A,Target,Target-OH,6,"Wheat Thins Original Snacks, Whole Grain Wheat Crackers, 8.5 oz.",3.99,3.99,3.99,4.59,0.0,15.037593984962397,4,0.0,Within observed peer range,Low signal
Target_Target-OH_2025-09-09_16:00 EST_6,4-B,Target,Target-OH,6,"Wheat Thins Original Snacks, Whole Grain Wheat Crackers, 8.5 oz.",3.99,3.99,3.99,4.59,0.0,15.037593984962397,4,0.0,Within observed peer range,Low signal
Target_Target-OH_2025-09-09_16:00 EST_6,4-C,Target,Target-OH,6,"Wheat Thins Original Snacks, Whole Grain Wheat Crackers, 8.5 oz.",3.99,3.99,3.99,4.59,0.0,15.037593984962397,4,0.0,Within observed peer range,Low signal
Target_Target-OH_2025-09-09_16:00 EST_6,4-D,Target,Target-OH,6,"Wheat Thins Original Snacks, Whole Grain Wheat Crackers, 8.5 oz.",4.59,3.99,3.99,4.59,15.037593984962406,15.037593984962397,4,60.150375939849624,Substantially above peers,High signal
Target_Target-OH_2025-09-09_16:00 EST_7,4-A,Target,Target-OH,7,"Premium Original Saltine Crackers, Lunch Snacks, 16 oz.",3.99,3.99,4.29,4.69,-6.99300699300699,17.543859649122812,4,0.0,Within observed peer range,Low signal
Target_Target-OH_2025-09-09_16:00 EST_7,4-B,Target,Target-OH,7,"Premium Original Saltine Crackers, Lunch Snacks, 16 oz.",3.99,3.99,4.29,4.69,-6.99300699300699,17.543859649122812,4,0.0,Within observed peer range,Low signal
Target_Target-OH_2025-09-09_16:00 EST_7,4-C,Target,Target-OH,7,"Premium Original Saltine Crackers, Lunch Snacks, 16 oz.",4.59,3.99,4.29,4.69,6.993006993006978,17.543859649122812,4,27.972027972027913,Noticeably above peers,Moderate signal
Target_Target-OH_2025-09-09_16:00 EST_7,4-D,Target,Target-OH,7,"Premium Original Saltine Crackers, Lunch Snacks, 16 oz.",4.69,3.99,4.29,4.69,9.324009324009342,17.543859649122812,4,37.29603729603737,Noticeably above peers,Moderate signal
Target_Target-OH_2025-09-09_16:00 EST_8,4-A,Target,Target-OH,8,"Market Pantry Crackers, Saltine, 16 oz.",1.99,1.99,1.99,1.99,0.0,0.0,4,0.0,Within observed peer range,Low signal
Target_Target-OH_2025-09-09_16:00 EST_8,4-B,Target,Target-OH,8,"Market Pantry Crackers, Saltine, 16 oz.",1.99,1.99,1.99,1.99,0.0,0.0,4,0.0,Within observed peer range,Low signal
Target_Target-OH_2025-09-09_16:00 EST_8,4-C,Target,Target-OH,8,"Market Pantry Crackers, Saltine, 16 oz.",1.99,1.99,1.99,1.99,0.0,0.0,4,0.0,Within observed peer range,Low signal
Target_Target-OH_2025-09-09_16:00 EST_8,4-D,Target,Target-OH,8,"Market Pantry Crackers, Saltine, 16 oz.",1.99,1.99,1.99,1.99,0.0,0.0,4,0.0,Within observed peer range,Low signal
Target_Target-OH_2025-09-09_16:00 EST_9,4-A,Target,Target-OH,9,"General Mills Cheerios, 8.09 oz.",3.99,3.99,4.29,4.59,-6.99300699300699,15.037593984962397,4,0.0,Within observed peer range,Low signal
Target_Target-OH_2025-09-09_16:00 EST_9,4-B,Target,Target-OH,9,"General Mills Cheerios, 8.09 oz.",3.99,3.99,4.29,4.59,-6.99300699300699,15.037593984962397,4,0.0,Within observed peer range,Low signal
Target_Target-OH_2025-09-09_16:00 EST_9,4-C,Target,Target-OH,9,"General Mills Cheerios, 8.09 oz.",4.59,3.99,4.29,4.59,6.993006993006978,15.037593984962397,4,27.972027972027913,Noticeably above peers,Moderate signal
Target_Target-OH_2025-09-09_16:00 EST_9,4-D,Target,Target-OH,9,"General Mills Cheerios, 8.09 oz.",4.59,3.99,4.29,4.59,6.993006993006978,15.037593984962397,4,27.972027972027913,Noticeably above peers,Moderate signal
